Type,Name,Request Count,Failure Count,Median Response Time,Average Response Time,Min Response Time,Max Response Time,Average Content Size,Requests/s,Failures/s,50%,66%,75%,80%,90%,95%,98%,99%,99.9%,99.99%,100%
GET,/api/v5/addons/search/?app=firefox&q=ATIHaHdTLX&lang=en-US,1,0,25417,25417.0,25417,25417,82.0,0.008408473910912767,0.0,25000,25000,25000,25000,25000,25000,25000,25000,25000,25000,25000
GET,/api/v5/addons/search/?app=firefox&q=AbQobQfaUs&lang=en-US,1,0,25148,25148.0,25148,25148,82.0,0.008408473910912767,0.0,25000,25000,25000,25000,25000,25000,25000,25000,25000,25000,25000
GET,/api/v5/addons/search/?app=firefox&q=AbwXoCiUiv&lang=en-US,1,0,25789,25789.0,25789,25789,82.0,0.008408473910912767,0.0,26000,26000,26000,26000,26000,26000,26000,26000,26000,26000,26000
GET,/api/v5/addons/search/?app=firefox&q=AhuwbvuwAL&lang=en-US,1,0,24246,24246.0,24246,24246,82.0,0.008408473910912767,0.0,24000,24000,24000,24000,24000,24000,24000,24000,24000,24000,24000
GET,/api/v5/addons/search/?app=firefox&q=AkHYaCJouS&lang=en-US,1,0,14174,14174.0,14174,14174,82.0,0.008408473910912767,0.0,14000,14000,14000,14000,14000,14000,14000,14000,14000,14000,14000
GET,/api/v5/addons/search/?app=firefox&q=AkQDvAZzrV&lang=en-US,1,0,25947,25947.0,25947,25947,82.0,0.008408473910912767,0.0,26000,26000,26000,26000,26000,26000,26000,26000,26000,26000,26000
GET,/api/v5/addons/search/?app=firefox&q=AmUMcdeRDy&lang=en-US,1,0,25341,25341.0,25341,25341,82.0,0.008408473910912767,0.0,25000,25000,25000,25000,25000,25000,25000,25000,25000,25000,25000
GET,/api/v5/addons/search/?app=firefox&q=ApmSahvcck&lang=en-US,1,0,22519,22519.0,22519,22519,82.0,0.008408473910912767,0.0,23000,23000,23000,23000,23000,23000,23000,23000,23000,23000,23000
GET,/api/v5/addons/search/?app=firefox&q=AqBKbxFJBI&lang=en-US,1,0,25514,25514.0,25514,25514,82.0,0.008408473910912767,0.0,26000,26000,26000,26000,26000,26000,26000,26000,26000,26000,26000
GET,/api/v5/addons/search/?app=firefox&q=BJkjNliLXa&lang=en-US,1,0,25877,25877.0,25877,25877,82.0,0.008408473910912767,0.0,26000,26000,26000,26000,26000,26000,26000,26000,26000,26000,26000
GET,/api/v5/addons/search/?app=firefox&q=BNnAQaDriq&lang=en-US,1,0,24515,24515.0,24515,24515,82.0,0.008408473910912767,0.0,25000,25000,25000,25000,25000,25000,25000,25000,25000,25000,25000
GET,/api/v5/addons/search/?app=firefox&q=BOvgHbwVqR&lang=en-US,1,0,11345,11345.0,11345,11345,82.0,0.008408473910912767,0.0,11000,11000,11000,11000,11000,11000,11000,11000,11000,11000,11000
GET,/api/v5/addons/search/?app=firefox&q=BUQgCHWfmG&lang=en-US,1,0,25461,25461.0,25461,25461,82.0,0.008408473910912767,0.0,25000,25000,25000,25000,25000,25000,25000,25000,25000,25000,25000
GET,/api/v5/addons/search/?app=firefox&q=BUcJGiryHt&lang=en-US,1,0,24785,24785.0,24785,24785,82.0,0.008408473910912767,0.0,25000,25000,25000,25000,25000,25000,25000,25000,25000,25000,25000
GET,/api/v5/addons/search/?app=firefox&q=CCFyhLWAzS&lang=en-US,1,0,25992,25992.0,25992,25992,82.0,0.008408473910912767,0.0,26000,26000,26000,26000,26000,26000,26000,26000,26000,26000,26000
GET,/api/v5/addons/search/?app=firefox&q=CFCGaeBlAU&lang=en-US,1,0,11570,11570.0,11570,11570,82.0,0.008408473910912767,0.0,12000,12000,12000,12000,12000,12000,12000,12000,12000,12000,12000
GET,/api/v5/addons/search/?app=firefox&q=CHBtOlGXvV&lang=en-US,1,0,25210,25210.0,25210,25210,82.0,0.008408473910912767,0.0,25000,25000,25000,25000,25000,25000,25000,25000,25000,25000,25000
GET,/api/v5/addons/search/?app=firefox&q=CUBZgcPOGs&lang=en-US,1,0,16581,16581.0,16581,16581,82.0,0.008408473910912767,0.0,17000,17000,17000,17000,17000,17000,17000,17000,17000,17000,17000
GET,/api/v5/addons/search/?app=firefox&q=CeOChxxmja&lang=en-US,1,0,25409,25409.0,25409,25409,82.0,0.008408473910912767,0.0,25000,25000,25000,25000,25000,25000,25000,25000,25000,25000,25000
GET,/api/v5/addons/search/?app=firefox&q=CistuavUYr&lang=en-US,1,0,22970,22970.0,22970,22970,82.0,0.008408473910912767,0.0,23000,23000,23000,23000,23000,23000,23000,23000,23000,23000,23000
GET,/api/v5/addons/search/?app=firefox&q=CqLGYgGDeW&lang=en-US,1,0,24562,24562.0,24562,24562,82.0,0.008408473910912767,0.0,25000,25000,25000,25000,25000,25000,25000,25000,25000,25000,25000
GET,/api/v5/addons/search/?app=firefox&q=CuKmVSyytw&lang=en-US,1,0,24549,24549.0,24549,24549,82.0,0.008408473910912767,0.0,25000,25000,25000,25000,25000,25000,25000,25000,25000,25000,25000
GET,/api/v5/addons/search/?app=firefox&q=CyStmvSnNd&lang=en-US,1,0,24788,24788.0,24788,24788,82.0,0.008408473910912767,0.0,25000,25000,25000,25000,25000,25000,25000,25000,25000,25000,25000
GET,/api/v5/addons/search/?app=firefox&q=DCLSyylVlN&lang=en-US,1,0,23989,23989.0,23989,23989,82.0,0.008408473910912767,0.0,24000,24000,24000,24000,24000,24000,24000,24000,24000,24000,24000
GET,/api/v5/addons/search/?app=firefox&q=DJJqVGEbMt&lang=en-US,1,0,23676,23676.0,23676,23676,82.0,0.008408473910912767,0.0,24000,24000,24000,24000,24000,24000,24000,24000,24000,24000,24000
GET,/api/v5/addons/search/?app=firefox&q=DOdhuIiSvw&lang=en-US,1,0,23815,23815.0,23815,23815,82.0,0.008408473910912767,0.0,24000,24000,24000,24000,24000,24000,24000,24000,24000,24000,24000
GET,/api/v5/addons/search/?app=firefox&q=DZRYLUznTr&lang=en-US,1,0,25919,25919.0,25919,25919,82.0,0.008408473910912767,0.0,26000,26000,26000,26000,26000,26000,26000,26000,26000,26000,26000
GET,/api/v5/addons/search/?app=firefox&q=DbxmccKfLc&lang=en-US,1,0,25960,25960.0,25960,25960,82.0,0.008408473910912767,0.0,26000,26000,26000,26000,26000,26000,26000,26000,26000,26000,26000
GET,/api/v5/addons/search/?app=firefox&q=DesappReSP&lang=en-US,1,0,23071,23071.0,23071,23071,82.0,0.008408473910912767,0.0,23000,23000,23000,23000,23000,23000,23000,23000,23000,23000,23000
GET,/api/v5/addons/search/?app=firefox&q=DhWPamQjcO&lang=en-US,1,0,24119,24119.0,24119,24119,82.0,0.008408473910912767,0.0,24000,24000,24000,24000,24000,24000,24000,24000,24000,24000,24000
GET,/api/v5/addons/search/?app=firefox&q=DhgkJnGnUQ&lang=en-US,1,0,23926,23926.0,23926,23926,82.0,0.008408473910912767,0.0,24000,24000,24000,24000,24000,24000,24000,24000,24000,24000,24000
GET,/api/v5/addons/search/?app=firefox&q=DlDPhHtCSX&lang=en-US,1,0,25430,25430.0,25430,25430,82.0,0.008408473910912767,0.0,25000,25000,25000,25000,25000,25000,25000,25000,25000,25000,25000
GET,/api/v5/addons/search/?app=firefox&q=DtdAKiuJSJ&lang=en-US,1,0,11432,11432.0,11432,11432,82.0,0.008408473910912767,0.0,11000,11000,11000,11000,11000,11000,11000,11000,11000,11000,11000
GET,/api/v5/addons/search/?app=firefox&q=DwNYYuOemd&lang=en-US,1,0,15337,15337.0,15337,15337,82.0,0.008408473910912767,0.0,15000,15000,15000,15000,15000,15000,15000,15000,15000,15000,15000
GET,/api/v5/addons/search/?app=firefox&q=EBLkQxKHNY&lang=en-US,1,0,5076,5076.0,5076,5076,82.0,0.008408473910912767,0.0,5100,5100,5100,5100,5100,5100,5100,5100,5100,5100,5100
GET,/api/v5/addons/search/?app=firefox&q=EJyfXbbmou&lang=en-US,1,0,7755,7755.0,7755,7755,82.0,0.008408473910912767,0.0,7800,7800,7800,7800,7800,7800,7800,7800,7800,7800,7800
GET,/api/v5/addons/search/?app=firefox&q=EhBZvaqbBL&lang=en-US,1,0,22563,22563.0,22563,22563,82.0,0.008408473910912767,0.0,23000,23000,23000,23000,23000,23000,23000,23000,23000,23000,23000
GET,/api/v5/addons/search/?app=firefox&q=EwMWLHHgtN&lang=en-US,1,0,25185,25185.0,25185,25185,82.0,0.008408473910912767,0.0,25000,25000,25000,25000,25000,25000,25000,25000,25000,25000,25000
GET,/api/v5/addons/search/?app=firefox&q=FAZyjrZYVA&lang=en-US,1,0,23501,23501.0,23501,23501,82.0,0.008408473910912767,0.0,24000,24000,24000,24000,24000,24000,24000,24000,24000,24000,24000
GET,/api/v5/addons/search/?app=firefox&q=FDYlmlUnbZ&lang=en-US,1,0,22901,22901.0,22901,22901,82.0,0.008408473910912767,0.0,23000,23000,23000,23000,23000,23000,23000,23000,23000,23000,23000
GET,/api/v5/addons/search/?app=firefox&q=FIjIDsXgUF&lang=en-US,1,0,13367,13367.0,13367,13367,82.0,0.008408473910912767,0.0,13000,13000,13000,13000,13000,13000,13000,13000,13000,13000,13000
GET,/api/v5/addons/search/?app=firefox&q=FKDqRrGtSD&lang=en-US,1,0,5022,5022.0,5022,5022,82.0,0.008408473910912767,0.0,5000,5000,5000,5000,5000,5000,5000,5000,5000,5000,5000
GET,/api/v5/addons/search/?app=firefox&q=FPRZsjBDIh&lang=en-US,1,0,6123,6123.0,6123,6123,82.0,0.008408473910912767,0.0,6100,6100,6100,6100,6100,6100,6100,6100,6100,6100,6100
GET,/api/v5/addons/search/?app=firefox&q=FRlnSWHoWi&lang=en-US,1,0,25333,25333.0,25333,25333,82.0,0.008408473910912767,0.0,25000,25000,25000,25000,25000,25000,25000,25000,25000,25000,25000
GET,/api/v5/addons/search/?app=firefox&q=FTxveQGtyp&lang=en-US,1,0,7155,7155.0,7155,7155,82.0,0.008408473910912767,0.0,7200,7200,7200,7200,7200,7200,7200,7200,7200,7200,7200
GET,/api/v5/addons/search/?app=firefox&q=FWrZoTJYto&lang=en-US,1,0,25230,25230.0,25230,25230,82.0,0.008408473910912767,0.0,25000,25000,25000,25000,25000,25000,25000,25000,25000,25000,25000
GET,/api/v5/addons/search/?app=firefox&q=FXkbJyXYfQ&lang=en-US,1,0,16224,16224.0,16224,16224,82.0,0.008408473910912767,0.0,16000,16000,16000,16000,16000,16000,16000,16000,16000,16000,16000
GET,/api/v5/addons/search/?app=firefox&q=FYjUamKONg&lang=en-US,1,0,25644,25644.0,25644,25644,82.0,0.008408473910912767,0.0,26000,26000,26000,26000,26000,26000,26000,26000,26000,26000,26000
GET,/api/v5/addons/search/?app=firefox&q=FYsSPoTKwD&lang=en-US,1,0,24134,24134.0,24134,24134,82.0,0.008408473910912767,0.0,24000,24000,24000,24000,24000,24000,24000,24000,24000,24000,24000
GET,/api/v5/addons/search/?app=firefox&q=FbvAvGdLcU&lang=en-US,1,0,25102,25102.0,25102,25102,82.0,0.008408473910912767,0.0,25000,25000,25000,25000,25000,25000,25000,25000,25000,25000,25000
GET,/api/v5/addons/search/?app=firefox&q=FlHyKRByXt&lang=en-US,1,0,18653,18653.0,18653,18653,82.0,0.008408473910912767,0.0,19000,19000,19000,19000,19000,19000,19000,19000,19000,19000,19000
GET,/api/v5/addons/search/?app=firefox&q=FnVfNlXvmA&lang=en-US,1,0,25728,25728.0,25728,25728,82.0,0.008408473910912767,0.0,26000,26000,26000,26000,26000,26000,26000,26000,26000,26000,26000
GET,/api/v5/addons/search/?app=firefox&q=FqgwfVmDJr&lang=en-US,1,0,23594,23594.0,23594,23594,82.0,0.008408473910912767,0.0,24000,24000,24000,24000,24000,24000,24000,24000,24000,24000,24000
GET,/api/v5/addons/search/?app=firefox&q=FzCcnAwrpy&lang=en-US,1,0,22876,22876.0,22876,22876,82.0,0.008408473910912767,0.0,23000,23000,23000,23000,23000,23000,23000,23000,23000,23000,23000
GET,/api/v5/addons/search/?app=firefox&q=GCoBGLUBCs&lang=en-US,1,0,25663,25663.0,25663,25663,82.0,0.008408473910912767,0.0,26000,26000,26000,26000,26000,26000,26000,26000,26000,26000,26000
GET,/api/v5/addons/search/?app=firefox&q=GHGXCDVtRD&lang=en-US,1,0,23049,23049.0,23049,23049,82.0,0.008408473910912767,0.0,23000,23000,23000,23000,23000,23000,23000,23000,23000,23000,23000
GET,/api/v5/addons/search/?app=firefox&q=GPensSLNbt&lang=en-US,1,0,23679,23679.0,23679,23679,82.0,0.008408473910912767,0.0,24000,24000,24000,24000,24000,24000,24000,24000,24000,24000,24000
GET,/api/v5/addons/search/?app=firefox&q=GQUQRHdYbs&lang=en-US,1,0,22221,22221.0,22221,22221,82.0,0.008408473910912767,0.0,22000,22000,22000,22000,22000,22000,22000,22000,22000,22000,22000
GET,/api/v5/addons/search/?app=firefox&q=GSvLMXFrKI&lang=en-US,1,0,22855,22855.0,22855,22855,82.0,0.008408473910912767,0.0,23000,23000,23000,23000,23000,23000,23000,23000,23000,23000,23000
GET,/api/v5/addons/search/?app=firefox&q=GVeebyzcdK&lang=en-US,1,0,17178,17178.0,17178,17178,82.0,0.008408473910912767,0.0,17000,17000,17000,17000,17000,17000,17000,17000,17000,17000,17000
GET,/api/v5/addons/search/?app=firefox&q=GYObEfcsdM&lang=en-US,1,0,25176,25176.0,25176,25176,82.0,0.008408473910912767,0.0,25000,25000,25000,25000,25000,25000,25000,25000,25000,25000,25000
GET,/api/v5/addons/search/?app=firefox&q=GalZkaQVRi&lang=en-US,1,0,23164,23164.0,23164,23164,82.0,0.008408473910912767,0.0,23000,23000,23000,23000,23000,23000,23000,23000,23000,23000,23000
GET,/api/v5/addons/search/?app=firefox&q=GfgjRufYRB&lang=en-US,1,0,25332,25332.0,25332,25332,82.0,0.008408473910912767,0.0,25000,25000,25000,25000,25000,25000,25000,25000,25000,25000,25000
GET,/api/v5/addons/search/?app=firefox&q=GnfKXscTIT&lang=en-US,1,0,23668,23668.0,23668,23668,82.0,0.008408473910912767,0.0,24000,24000,24000,24000,24000,24000,24000,24000,24000,24000,24000
GET,/api/v5/addons/search/?app=firefox&q=HDWRgEhalo&lang=en-US,1,0,23399,23399.0,23399,23399,82.0,0.008408473910912767,0.0,23000,23000,23000,23000,23000,23000,23000,23000,23000,23000,23000
GET,/api/v5/addons/search/?app=firefox&q=HHJXFTQTuK&lang=en-US,1,0,24569,24569.0,24569,24569,82.0,0.008408473910912767,0.0,25000,25000,25000,25000,25000,25000,25000,25000,25000,25000,25000
GET,/api/v5/addons/search/?app=firefox&q=HIBWnJNYPo&lang=en-US,1,0,17985,17985.0,17985,17985,82.0,0.008408473910912767,0.0,18000,18000,18000,18000,18000,18000,18000,18000,18000,18000,18000
GET,/api/v5/addons/search/?app=firefox&q=HIacWBBmQn&lang=en-US,1,0,23025,23025.0,23025,23025,82.0,0.008408473910912767,0.0,23000,23000,23000,23000,23000,23000,23000,23000,23000,23000,23000
GET,/api/v5/addons/search/?app=firefox&q=HQyKsXEAmR&lang=en-US,1,0,9768,9768.0,9768,9768,82.0,0.008408473910912767,0.0,9800,9800,9800,9800,9800,9800,9800,9800,9800,9800,9800
GET,/api/v5/addons/search/?app=firefox&q=HREdwtmVHy&lang=en-US,1,0,3178,3178.0,3178,3178,82.0,0.008408473910912767,0.0,3200,3200,3200,3200,3200,3200,3200,3200,3200,3200,3200
GET,/api/v5/addons/search/?app=firefox&q=HUjhiutzaG&lang=en-US,1,0,18944,18944.0,18944,18944,82.0,0.008408473910912767,0.0,19000,19000,19000,19000,19000,19000,19000,19000,19000,19000,19000
GET,/api/v5/addons/search/?app=firefox&q=HVWZixoUAn&lang=en-US,1,0,22838,22838.0,22838,22838,82.0,0.008408473910912767,0.0,23000,23000,23000,23000,23000,23000,23000,23000,23000,23000,23000
GET,/api/v5/addons/search/?app=firefox&q=HXMObiDbSK&lang=en-US,1,0,25157,25157.0,25157,25157,82.0,0.008408473910912767,0.0,25000,25000,25000,25000,25000,25000,25000,25000,25000,25000,25000
GET,/api/v5/addons/search/?app=firefox&q=HYsQEAzMtv&lang=en-US,1,0,25931,25931.0,25931,25931,82.0,0.008408473910912767,0.0,26000,26000,26000,26000,26000,26000,26000,26000,26000,26000,26000
GET,/api/v5/addons/search/?app=firefox&q=HbLJnobqnK&lang=en-US,1,0,23647,23647.0,23647,23647,82.0,0.008408473910912767,0.0,24000,24000,24000,24000,24000,24000,24000,24000,24000,24000,24000
GET,/api/v5/addons/search/?app=firefox&q=HbstPOMOXj&lang=en-US,1,0,25780,25780.0,25780,25780,82.0,0.008408473910912767,0.0,26000,26000,26000,26000,26000,26000,26000,26000,26000,26000,26000
GET,/api/v5/addons/search/?app=firefox&q=HvFXcPALuC&lang=en-US,1,0,23524,23524.0,23524,23524,82.0,0.008408473910912767,0.0,24000,24000,24000,24000,24000,24000,24000,24000,24000,24000,24000
GET,/api/v5/addons/search/?app=firefox&q=HxbzccYqgl&lang=en-US,1,0,12061,12061.0,12061,12061,82.0,0.008408473910912767,0.0,12000,12000,12000,12000,12000,12000,12000,12000,12000,12000,12000
GET,/api/v5/addons/search/?app=firefox&q=IDyGCymryy&lang=en-US,1,0,24710,24710.0,24710,24710,82.0,0.008408473910912767,0.0,25000,25000,25000,25000,25000,25000,25000,25000,25000,25000,25000
GET,/api/v5/addons/search/?app=firefox&q=IIQikmJQVc&lang=en-US,1,0,13173,13173.0,13173,13173,82.0,0.008408473910912767,0.0,13000,13000,13000,13000,13000,13000,13000,13000,13000,13000,13000
GET,/api/v5/addons/search/?app=firefox&q=IIqEFksJle&lang=en-US,1,0,24667,24667.0,24667,24667,82.0,0.008408473910912767,0.0,25000,25000,25000,25000,25000,25000,25000,25000,25000,25000,25000
GET,/api/v5/addons/search/?app=firefox&q=IKhGsgBhnN&lang=en-US,1,0,24480,24480.0,24480,24480,82.0,0.008408473910912767,0.0,24000,24000,24000,24000,24000,24000,24000,24000,24000,24000,24000
GET,/api/v5/addons/search/?app=firefox&q=INmahVjRbS&lang=en-US,1,0,8532,8532.0,8532,8532,82.0,0.008408473910912767,0.0,8500,8500,8500,8500,8500,8500,8500,8500,8500,8500,8500
GET,/api/v5/addons/search/?app=firefox&q=IWkHxiOTNM&lang=en-US,1,0,20481,20481.0,20481,20481,82.0,0.008408473910912767,0.0,20000,20000,20000,20000,20000,20000,20000,20000,20000,20000,20000
GET,/api/v5/addons/search/?app=firefox&q=IefkRrJpWg&lang=en-US,1,0,25148,25148.0,25148,25148,82.0,0.008408473910912767,0.0,25000,25000,25000,25000,25000,25000,25000,25000,25000,25000,25000
GET,/api/v5/addons/search/?app=firefox&q=IzQtBtdNWw&lang=en-US,1,0,25219,25219.0,25219,25219,82.0,0.008408473910912767,0.0,25000,25000,25000,25000,25000,25000,25000,25000,25000,25000,25000
GET,/api/v5/addons/search/?app=firefox&q=Izjinxjvfv&lang=en-US,1,0,19576,19576.0,19576,19576,82.0,0.008408473910912767,0.0,20000,20000,20000,20000,20000,20000,20000,20000,20000,20000,20000
GET,/api/v5/addons/search/?app=firefox&q=JBGBofVONq&lang=en-US,1,0,9008,9008.0,9008,9008,82.0,0.008408473910912767,0.0,9000,9000,9000,9000,9000,9000,9000,9000,9000,9000,9000
GET,/api/v5/addons/search/?app=firefox&q=JDqyKJyQvy&lang=en-US,1,0,25575,25575.0,25575,25575,82.0,0.008408473910912767,0.0,26000,26000,26000,26000,26000,26000,26000,26000,26000,26000,26000
GET,/api/v5/addons/search/?app=firefox&q=JHNiCQGDyE&lang=en-US,1,0,9999,9999.0,9999,9999,82.0,0.008408473910912767,0.0,10000,10000,10000,10000,10000,10000,10000,10000,10000,10000,10000
GET,/api/v5/addons/search/?app=firefox&q=JKIXBiYHdL&lang=en-US,1,0,24556,24556.0,24556,24556,82.0,0.008408473910912767,0.0,25000,25000,25000,25000,25000,25000,25000,25000,25000,25000,25000
GET,/api/v5/addons/search/?app=firefox&q=JNvdQJbuLQ&lang=en-US,1,0,25662,25662.0,25662,25662,82.0,0.008408473910912767,0.0,26000,26000,26000,26000,26000,26000,26000,26000,26000,26000,26000
GET,/api/v5/addons/search/?app=firefox&q=JOjvwKGuvc&lang=en-US,1,0,22839,22839.0,22839,22839,82.0,0.008408473910912767,0.0,23000,23000,23000,23000,23000,23000,23000,23000,23000,23000,23000
GET,/api/v5/addons/search/?app=firefox&q=JVOzOZfOpr&lang=en-US,1,0,25123,25123.0,25123,25123,82.0,0.008408473910912767,0.0,25000,25000,25000,25000,25000,25000,25000,25000,25000,25000,25000
GET,/api/v5/addons/search/?app=firefox&q=JijQEozrMF&lang=en-US,1,0,3969,3969.0,3969,3969,82.0,0.008408473910912767,0.0,4000,4000,4000,4000,4000,4000,4000,4000,4000,4000,4000
GET,/api/v5/addons/search/?app=firefox&q=JkYekYdxpw&lang=en-US,1,0,24383,24383.0,24383,24383,82.0,0.008408473910912767,0.0,24000,24000,24000,24000,24000,24000,24000,24000,24000,24000,24000
GET,/api/v5/addons/search/?app=firefox&q=JlQPAEAuJG&lang=en-US,1,0,25480,25480.0,25480,25480,82.0,0.008408473910912767,0.0,25000,25000,25000,25000,25000,25000,25000,25000,25000,25000,25000
GET,/api/v5/addons/search/?app=firefox&q=JnoLCLRuCr&lang=en-US,1,0,5101,5101.0,5101,5101,82.0,0.008408473910912767,0.0,5100,5100,5100,5100,5100,5100,5100,5100,5100,5100,5100
GET,/api/v5/addons/search/?app=firefox&q=JszucBFuDO&lang=en-US,1,0,4946,4946.0,4946,4946,82.0,0.008408473910912767,0.0,4900,4900,4900,4900,4900,4900,4900,4900,4900,4900,4900
GET,/api/v5/addons/search/?app=firefox&q=JtVxabyaWw&lang=en-US,1,0,15719,15719.0,15719,15719,82.0,0.008408473910912767,0.0,16000,16000,16000,16000,16000,16000,16000,16000,16000,16000,16000
GET,/api/v5/addons/search/?app=firefox&q=JvWOgGuKaQ&lang=en-US,1,0,25989,25989.0,25989,25989,82.0,0.008408473910912767,0.0,26000,26000,26000,26000,26000,26000,26000,26000,26000,26000,26000
GET,/api/v5/addons/search/?app=firefox&q=KAhqOesdPZ&lang=en-US,1,0,25334,25334.0,25334,25334,82.0,0.008408473910912767,0.0,25000,25000,25000,25000,25000,25000,25000,25000,25000,25000,25000
GET,/api/v5/addons/search/?app=firefox&q=KFuDmskEOx&lang=en-US,1,0,17072,17072.0,17072,17072,82.0,0.008408473910912767,0.0,17000,17000,17000,17000,17000,17000,17000,17000,17000,17000,17000
GET,/api/v5/addons/search/?app=firefox&q=KGUQnpEmnS&lang=en-US,1,0,19898,19898.0,19898,19898,82.0,0.008408473910912767,0.0,20000,20000,20000,20000,20000,20000,20000,20000,20000,20000,20000
GET,/api/v5/addons/search/?app=firefox&q=KJWyMEPFfo&lang=en-US,1,0,25055,25055.0,25055,25055,82.0,0.008408473910912767,0.0,25000,25000,25000,25000,25000,25000,25000,25000,25000,25000,25000
GET,/api/v5/addons/search/?app=firefox&q=KNsuoDsipb&lang=en-US,1,0,24422,24422.0,24422,24422,82.0,0.008408473910912767,0.0,24000,24000,24000,24000,24000,24000,24000,24000,24000,24000,24000
GET,/api/v5/addons/search/?app=firefox&q=KRvIyIdVLM&lang=en-US,1,0,24850,24850.0,24850,24850,82.0,0.008408473910912767,0.0,25000,25000,25000,25000,25000,25000,25000,25000,25000,25000,25000
GET,/api/v5/addons/search/?app=firefox&q=KZTisLhmuS&lang=en-US,1,0,25656,25656.0,25656,25656,82.0,0.008408473910912767,0.0,26000,26000,26000,26000,26000,26000,26000,26000,26000,26000,26000
GET,/api/v5/addons/search/?app=firefox&q=KbGcsKfdqR&lang=en-US,1,0,24370,24370.0,24370,24370,82.0,0.008408473910912767,0.0,24000,24000,24000,24000,24000,24000,24000,24000,24000,24000,24000
GET,/api/v5/addons/search/?app=firefox&q=KhlgSfeTmC&lang=en-US,1,0,8995,8995.0,8995,8995,82.0,0.008408473910912767,0.0,9000,9000,9000,9000,9000,9000,9000,9000,9000,9000,9000
GET,/api/v5/addons/search/?app=firefox&q=KiGSFjWowL&lang=en-US,1,0,24107,24107.0,24107,24107,82.0,0.008408473910912767,0.0,24000,24000,24000,24000,24000,24000,24000,24000,24000,24000,24000
GET,/api/v5/addons/search/?app=firefox&q=KpLRllEwFb&lang=en-US,1,0,23702,23702.0,23702,23702,82.0,0.008408473910912767,0.0,24000,24000,24000,24000,24000,24000,24000,24000,24000,24000,24000
GET,/api/v5/addons/search/?app=firefox&q=KsQlgLCZWV&lang=en-US,1,0,11006,11006.0,11006,11006,82.0,0.008408473910912767,0.0,11000,11000,11000,11000,11000,11000,11000,11000,11000,11000,11000
GET,/api/v5/addons/search/?app=firefox&q=KvMzMHaqlc&lang=en-US,1,0,24350,24350.0,24350,24350,82.0,0.008408473910912767,0.0,24000,24000,24000,24000,24000,24000,24000,24000,24000,24000,24000
GET,/api/v5/addons/search/?app=firefox&q=LGSOZubcgR&lang=en-US,1,0,14621,14621.0,14621,14621,82.0,0.008408473910912767,0.0,15000,15000,15000,15000,15000,15000,15000,15000,15000,15000,15000
GET,/api/v5/addons/search/?app=firefox&q=LITIJHgWuR&lang=en-US,1,0,24355,24355.0,24355,24355,82.0,0.008408473910912767,0.0,24000,24000,24000,24000,24000,24000,24000,24000,24000,24000,24000
GET,/api/v5/addons/search/?app=firefox&q=LQfZSWHKdg&lang=en-US,1,0,25317,25317.0,25317,25317,82.0,0.008408473910912767,0.0,25000,25000,25000,25000,25000,25000,25000,25000,25000,25000,25000
GET,/api/v5/addons/search/?app=firefox&q=LXrVrmKOMZ&lang=en-US,1,0,25507,25507.0,25507,25507,82.0,0.008408473910912767,0.0,26000,26000,26000,26000,26000,26000,26000,26000,26000,26000,26000
GET,/api/v5/addons/search/?app=firefox&q=LkeBReqimp&lang=en-US,1,0,9237,9237.0,9237,9237,82.0,0.008408473910912767,0.0,9200,9200,9200,9200,9200,9200,9200,9200,9200,9200,9200
GET,/api/v5/addons/search/?app=firefox&q=MCufHgJxHJ&lang=en-US,1,0,24274,24274.0,24274,24274,82.0,0.008408473910912767,0.0,24000,24000,24000,24000,24000,24000,24000,24000,24000,24000,24000
GET,/api/v5/addons/search/?app=firefox&q=MFFimeOsdR&lang=en-US,1,0,25616,25616.0,25616,25616,82.0,0.008408473910912767,0.0,26000,26000,26000,26000,26000,26000,26000,26000,26000,26000,26000
GET,/api/v5/addons/search/?app=firefox&q=MIXLAsOwGb&lang=en-US,1,0,24796,24796.0,24796,24796,82.0,0.008408473910912767,0.0,25000,25000,25000,25000,25000,25000,25000,25000,25000,25000,25000
GET,/api/v5/addons/search/?app=firefox&q=MJJHywjgrm&lang=en-US,1,0,26039,26039.0,26039,26039,82.0,0.008408473910912767,0.0,26000,26000,26000,26000,26000,26000,26000,26000,26000,26000,26000
GET,/api/v5/addons/search/?app=firefox&q=MYYEuitIDr&lang=en-US,1,0,25962,25962.0,25962,25962,82.0,0.008408473910912767,0.0,26000,26000,26000,26000,26000,26000,26000,26000,26000,26000,26000
GET,/api/v5/addons/search/?app=firefox&q=MeyMwjwGjb&lang=en-US,1,0,25857,25857.0,25857,25857,82.0,0.008408473910912767,0.0,26000,26000,26000,26000,26000,26000,26000,26000,26000,26000,26000
GET,/api/v5/addons/search/?app=firefox&q=MprpmUhicj&lang=en-US,1,0,25085,25085.0,25085,25085,82.0,0.008408473910912767,0.0,25000,25000,25000,25000,25000,25000,25000,25000,25000,25000,25000
GET,/api/v5/addons/search/?app=firefox&q=NCTQNDXELR&lang=en-US,1,0,25388,25388.0,25388,25388,82.0,0.008408473910912767,0.0,25000,25000,25000,25000,25000,25000,25000,25000,25000,25000,25000
GET,/api/v5/addons/search/?app=firefox&q=NOZKVDSiAy&lang=en-US,1,0,25616,25616.0,25616,25616,82.0,0.008408473910912767,0.0,26000,26000,26000,26000,26000,26000,26000,26000,26000,26000,26000
GET,/api/v5/addons/search/?app=firefox&q=NVGoIpglyS&lang=en-US,1,0,25158,25158.0,25158,25158,82.0,0.008408473910912767,0.0,25000,25000,25000,25000,25000,25000,25000,25000,25000,25000,25000
GET,/api/v5/addons/search/?app=firefox&q=NVdQKNpQYl&lang=en-US,1,0,3927,3927.0,3927,3927,82.0,0.008408473910912767,0.0,3900,3900,3900,3900,3900,3900,3900,3900,3900,3900,3900
GET,/api/v5/addons/search/?app=firefox&q=NYJKlvouno&lang=en-US,1,0,12508,12508.0,12508,12508,82.0,0.008408473910912767,0.0,13000,13000,13000,13000,13000,13000,13000,13000,13000,13000,13000
GET,/api/v5/addons/search/?app=firefox&q=NiruLbZcaM&lang=en-US,1,0,25195,25195.0,25195,25195,82.0,0.008408473910912767,0.0,25000,25000,25000,25000,25000,25000,25000,25000,25000,25000,25000
GET,/api/v5/addons/search/?app=firefox&q=NmQYBhczBw&lang=en-US,1,0,25398,25398.0,25398,25398,82.0,0.008408473910912767,0.0,25000,25000,25000,25000,25000,25000,25000,25000,25000,25000,25000
GET,/api/v5/addons/search/?app=firefox&q=NowBjFTXMG&lang=en-US,1,0,22468,22468.0,22468,22468,82.0,0.008408473910912767,0.0,22000,22000,22000,22000,22000,22000,22000,22000,22000,22000,22000
GET,/api/v5/addons/search/?app=firefox&q=NrYshCrUyy&lang=en-US,1,0,25154,25154.0,25154,25154,82.0,0.008408473910912767,0.0,25000,25000,25000,25000,25000,25000,25000,25000,25000,25000,25000
GET,/api/v5/addons/search/?app=firefox&q=NsMzJlUyqU&lang=en-US,1,0,25765,25765.0,25765,25765,82.0,0.008408473910912767,0.0,26000,26000,26000,26000,26000,26000,26000,26000,26000,26000,26000
GET,/api/v5/addons/search/?app=firefox&q=NtbfRmjYSq&lang=en-US,1,0,24904,24904.0,24904,24904,82.0,0.008408473910912767,0.0,25000,25000,25000,25000,25000,25000,25000,25000,25000,25000,25000
GET,/api/v5/addons/search/?app=firefox&q=ODwMFiHhFm&lang=en-US,1,0,23387,23387.0,23387,23387,82.0,0.008408473910912767,0.0,23000,23000,23000,23000,23000,23000,23000,23000,23000,23000,23000
GET,/api/v5/addons/search/?app=firefox&q=OZmNADMvbU&lang=en-US,1,0,3134,3134.0,3134,3134,82.0,0.008408473910912767,0.0,3100,3100,3100,3100,3100,3100,3100,3100,3100,3100,3100
GET,/api/v5/addons/search/?app=firefox&q=OfPMZkeyEe&lang=en-US,1,0,9027,9027.0,9027,9027,82.0,0.008408473910912767,0.0,9000,9000,9000,9000,9000,9000,9000,9000,9000,9000,9000
GET,/api/v5/addons/search/?app=firefox&q=OvZYXnJVcL&lang=en-US,1,0,20458,20458.0,20458,20458,82.0,0.008408473910912767,0.0,20000,20000,20000,20000,20000,20000,20000,20000,20000,20000,20000
GET,/api/v5/addons/search/?app=firefox&q=OvrePSJzKd&lang=en-US,1,0,25674,25674.0,25674,25674,82.0,0.008408473910912767,0.0,26000,26000,26000,26000,26000,26000,26000,26000,26000,26000,26000
GET,/api/v5/addons/search/?app=firefox&q=OyvVGXZyiJ&lang=en-US,1,0,25028,25028.0,25028,25028,82.0,0.008408473910912767,0.0,25000,25000,25000,25000,25000,25000,25000,25000,25000,25000,25000
GET,/api/v5/addons/search/?app=firefox&q=PBUESIJiAz&lang=en-US,1,0,24651,24651.0,24651,24651,82.0,0.008408473910912767,0.0,25000,25000,25000,25000,25000,25000,25000,25000,25000,25000,25000
GET,/api/v5/addons/search/?app=firefox&q=PGqEAaMfUX&lang=en-US,1,0,25018,25018.0,25018,25018,82.0,0.008408473910912767,0.0,25000,25000,25000,25000,25000,25000,25000,25000,25000,25000,25000
GET,/api/v5/addons/search/?app=firefox&q=PJLYuhXzpn&lang=en-US,1,0,24143,24143.0,24143,24143,82.0,0.008408473910912767,0.0,24000,24000,24000,24000,24000,24000,24000,24000,24000,24000,24000
GET,/api/v5/addons/search/?app=firefox&q=PNQzZXZJnJ&lang=en-US,1,0,26033,26033.0,26033,26033,82.0,0.008408473910912767,0.0,26000,26000,26000,26000,26000,26000,26000,26000,26000,26000,26000
GET,/api/v5/addons/search/?app=firefox&q=PNVJANKCJa&lang=en-US,1,0,24278,24278.0,24278,24278,82.0,0.008408473910912767,0.0,24000,24000,24000,24000,24000,24000,24000,24000,24000,24000,24000
GET,/api/v5/addons/search/?app=firefox&q=PTLjGpsBnA&lang=en-US,1,0,24515,24515.0,24515,24515,82.0,0.008408473910912767,0.0,25000,25000,25000,25000,25000,25000,25000,25000,25000,25000,25000
GET,/api/v5/addons/search/?app=firefox&q=PYWyatBEgN&lang=en-US,1,0,25456,25456.0,25456,25456,82.0,0.008408473910912767,0.0,25000,25000,25000,25000,25000,25000,25000,25000,25000,25000,25000
GET,/api/v5/addons/search/?app=firefox&q=PbjQYMxqou&lang=en-US,1,0,24455,24455.0,24455,24455,82.0,0.008408473910912767,0.0,24000,24000,24000,24000,24000,24000,24000,24000,24000,24000,24000
GET,/api/v5/addons/search/?app=firefox&q=QADopINvSb&lang=en-US,1,0,25548,25548.0,25548,25548,82.0,0.008408473910912767,0.0,26000,26000,26000,26000,26000,26000,26000,26000,26000,26000,26000
GET,/api/v5/addons/search/?app=firefox&q=QCnlHBvqrF&lang=en-US,1,0,24581,24581.0,24581,24581,82.0,0.008408473910912767,0.0,25000,25000,25000,25000,25000,25000,25000,25000,25000,25000,25000
GET,/api/v5/addons/search/?app=firefox&q=QCtELIuaxV&lang=en-US,1,0,13526,13526.0,13526,13526,82.0,0.008408473910912767,0.0,14000,14000,14000,14000,14000,14000,14000,14000,14000,14000,14000
GET,/api/v5/addons/search/?app=firefox&q=QErMrUApTY&lang=en-US,1,0,21317,21317.0,21317,21317,82.0,0.008408473910912767,0.0,21000,21000,21000,21000,21000,21000,21000,21000,21000,21000,21000
GET,/api/v5/addons/search/?app=firefox&q=QKHKJLiiXQ&lang=en-US,1,0,25358,25358.0,25358,25358,82.0,0.008408473910912767,0.0,25000,25000,25000,25000,25000,25000,25000,25000,25000,25000,25000
GET,/api/v5/addons/search/?app=firefox&q=QOXdUsnats&lang=en-US,1,0,25319,25319.0,25319,25319,82.0,0.008408473910912767,0.0,25000,25000,25000,25000,25000,25000,25000,25000,25000,25000,25000
GET,/api/v5/addons/search/?app=firefox&q=QVixBPMRnt&lang=en-US,1,0,25308,25308.0,25308,25308,82.0,0.008408473910912767,0.0,25000,25000,25000,25000,25000,25000,25000,25000,25000,25000,25000
GET,/api/v5/addons/search/?app=firefox&q=QXbixlmASi&lang=en-US,1,0,5284,5284.0,5284,5284,82.0,0.008408473910912767,0.0,5300,5300,5300,5300,5300,5300,5300,5300,5300,5300,5300
GET,/api/v5/addons/search/?app=firefox&q=QYIThCdIST&lang=en-US,1,0,25022,25022.0,25022,25022,82.0,0.008408473910912767,0.0,25000,25000,25000,25000,25000,25000,25000,25000,25000,25000,25000
GET,/api/v5/addons/search/?app=firefox&q=QbrNoviLFb&lang=en-US,1,0,25855,25855.0,25855,25855,82.0,0.008408473910912767,0.0,26000,26000,26000,26000,26000,26000,26000,26000,26000,26000,26000
GET,/api/v5/addons/search/?app=firefox&q=QdRLzAhFVA&lang=en-US,1,0,25766,25766.0,25766,25766,82.0,0.008408473910912767,0.0,26000,26000,26000,26000,26000,26000,26000,26000,26000,26000,26000
GET,/api/v5/addons/search/?app=firefox&q=QnJVjHdQEz&lang=en-US,1,0,8274,8274.0,8274,8274,82.0,0.008408473910912767,0.0,8300,8300,8300,8300,8300,8300,8300,8300,8300,8300,8300
GET,/api/v5/addons/search/?app=firefox&q=QxQYskTxiq&lang=en-US,1,0,25328,25328.0,25328,25328,82.0,0.008408473910912767,0.0,25000,25000,25000,25000,25000,25000,25000,25000,25000,25000,25000
GET,/api/v5/addons/search/?app=firefox&q=REFCPdaWiw&lang=en-US,1,0,25193,25193.0,25193,25193,82.0,0.008408473910912767,0.0,25000,25000,25000,25000,25000,25000,25000,25000,25000,25000,25000
GET,/api/v5/addons/search/?app=firefox&q=RIYBEwbupa&lang=en-US,1,0,25245,25245.0,25245,25245,82.0,0.008408473910912767,0.0,25000,25000,25000,25000,25000,25000,25000,25000,25000,25000,25000
GET,/api/v5/addons/search/?app=firefox&q=RKvANnXkXC&lang=en-US,1,0,23250,23250.0,23250,23250,82.0,0.008408473910912767,0.0,23000,23000,23000,23000,23000,23000,23000,23000,23000,23000,23000
GET,/api/v5/addons/search/?app=firefox&q=RXhlssSJjT&lang=en-US,1,0,25146,25146.0,25146,25146,82.0,0.008408473910912767,0.0,25000,25000,25000,25000,25000,25000,25000,25000,25000,25000,25000
GET,/api/v5/addons/search/?app=firefox&q=RuuCOXojyv&lang=en-US,1,0,6896,6896.0,6896,6896,82.0,0.008408473910912767,0.0,6900,6900,6900,6900,6900,6900,6900,6900,6900,6900,6900
GET,/api/v5/addons/search/?app=firefox&q=RxmznUajMW&lang=en-US,1,0,25041,25041.0,25041,25041,82.0,0.008408473910912767,0.0,25000,25000,25000,25000,25000,25000,25000,25000,25000,25000,25000
GET,/api/v5/addons/search/?app=firefox&q=SFOfchxCJS&lang=en-US,1,0,4051,4051.0,4051,4051,82.0,0.008408473910912767,0.0,4100,4100,4100,4100,4100,4100,4100,4100,4100,4100,4100
GET,/api/v5/addons/search/?app=firefox&q=SHqeSEouTe&lang=en-US,1,0,25105,25105.0,25105,25105,82.0,0.008408473910912767,0.0,25000,25000,25000,25000,25000,25000,25000,25000,25000,25000,25000
GET,/api/v5/addons/search/?app=firefox&q=SOXJteiEXC&lang=en-US,1,0,24485,24485.0,24485,24485,82.0,0.008408473910912767,0.0,24000,24000,24000,24000,24000,24000,24000,24000,24000,24000,24000
GET,/api/v5/addons/search/?app=firefox&q=SVYDCSbKQk&lang=en-US,1,0,20029,20029.0,20029,20029,82.0,0.008408473910912767,0.0,20000,20000,20000,20000,20000,20000,20000,20000,20000,20000,20000
GET,/api/v5/addons/search/?app=firefox&q=SgAyhEKeUx&lang=en-US,1,0,20529,20529.0,20529,20529,82.0,0.008408473910912767,0.0,21000,21000,21000,21000,21000,21000,21000,21000,21000,21000,21000
GET,/api/v5/addons/search/?app=firefox&q=ShIadelLGj&lang=en-US,1,0,25140,25140.0,25140,25140,82.0,0.008408473910912767,0.0,25000,25000,25000,25000,25000,25000,25000,25000,25000,25000,25000
GET,/api/v5/addons/search/?app=firefox&q=SjacoeDrNj&lang=en-US,1,0,22992,22992.0,22992,22992,82.0,0.008408473910912767,0.0,23000,23000,23000,23000,23000,23000,23000,23000,23000,23000,23000
GET,/api/v5/addons/search/?app=firefox&q=SoUZMXPzwp&lang=en-US,1,0,25337,25337.0,25337,25337,82.0,0.008408473910912767,0.0,25000,25000,25000,25000,25000,25000,25000,25000,25000,25000,25000
GET,/api/v5/addons/search/?app=firefox&q=SqMluMIBdo&lang=en-US,1,0,25955,25955.0,25955,25955,82.0,0.008408473910912767,0.0,26000,26000,26000,26000,26000,26000,26000,26000,26000,26000,26000
GET,/api/v5/addons/search/?app=firefox&q=SsFDOZgBRu&lang=en-US,1,0,26128,26128.0,26128,26128,82.0,0.008408473910912767,0.0,26000,26000,26000,26000,26000,26000,26000,26000,26000,26000,26000
GET,/api/v5/addons/search/?app=firefox&q=SxAHExfPlh&lang=en-US,1,0,22977,22977.0,22977,22977,82.0,0.008408473910912767,0.0,23000,23000,23000,23000,23000,23000,23000,23000,23000,23000,23000
GET,/api/v5/addons/search/?app=firefox&q=SxUKxURDhQ&lang=en-US,1,0,23183,23183.0,23183,23183,82.0,0.008408473910912767,0.0,23000,23000,23000,23000,23000,23000,23000,23000,23000,23000,23000
GET,/api/v5/addons/search/?app=firefox&q=SzHXWnSmFb&lang=en-US,1,0,25854,25854.0,25854,25854,82.0,0.008408473910912767,0.0,26000,26000,26000,26000,26000,26000,26000,26000,26000,26000,26000
GET,/api/v5/addons/search/?app=firefox&q=TAxRbSmEud&lang=en-US,1,0,24382,24382.0,24382,24382,82.0,0.008408473910912767,0.0,24000,24000,24000,24000,24000,24000,24000,24000,24000,24000,24000
GET,/api/v5/addons/search/?app=firefox&q=TCMcsCzDRo&lang=en-US,1,0,21357,21357.0,21357,21357,82.0,0.008408473910912767,0.0,21000,21000,21000,21000,21000,21000,21000,21000,21000,21000,21000
GET,/api/v5/addons/search/?app=firefox&q=TWvrnBuacZ&lang=en-US,1,0,24568,24568.0,24568,24568,82.0,0.008408473910912767,0.0,25000,25000,25000,25000,25000,25000,25000,25000,25000,25000,25000
GET,/api/v5/addons/search/?app=firefox&q=TfKPQckDOK&lang=en-US,1,0,24755,24755.0,24755,24755,82.0,0.008408473910912767,0.0,25000,25000,25000,25000,25000,25000,25000,25000,25000,25000,25000
GET,/api/v5/addons/search/?app=firefox&q=TjMcbvLzwp&lang=en-US,1,0,25584,25584.0,25584,25584,82.0,0.008408473910912767,0.0,26000,26000,26000,26000,26000,26000,26000,26000,26000,26000,26000
GET,/api/v5/addons/search/?app=firefox&q=TmeBQIXHLP&lang=en-US,1,0,23439,23439.0,23439,23439,82.0,0.008408473910912767,0.0,23000,23000,23000,23000,23000,23000,23000,23000,23000,23000,23000
GET,/api/v5/addons/search/?app=firefox&q=TncEnADpsc&lang=en-US,1,0,8955,8955.0,8955,8955,82.0,0.008408473910912767,0.0,9000,9000,9000,9000,9000,9000,9000,9000,9000,9000,9000
GET,/api/v5/addons/search/?app=firefox&q=TnnxADIJGA&lang=en-US,1,0,22653,22653.0,22653,22653,82.0,0.008408473910912767,0.0,23000,23000,23000,23000,23000,23000,23000,23000,23000,23000,23000
GET,/api/v5/addons/search/?app=firefox&q=TqXUtvXUle&lang=en-US,1,0,20123,20123.0,20123,20123,82.0,0.008408473910912767,0.0,20000,20000,20000,20000,20000,20000,20000,20000,20000,20000,20000
GET,/api/v5/addons/search/?app=firefox&q=TxChrhnCOm&lang=en-US,1,0,17943,17943.0,17943,17943,82.0,0.008408473910912767,0.0,18000,18000,18000,18000,18000,18000,18000,18000,18000,18000,18000
GET,/api/v5/addons/search/?app=firefox&q=UBLVEGmtVX&lang=en-US,1,0,25123,25123.0,25123,25123,82.0,0.008408473910912767,0.0,25000,25000,25000,25000,25000,25000,25000,25000,25000,25000,25000
GET,/api/v5/addons/search/?app=firefox&q=UBnGDDSWbF&lang=en-US,1,0,2390,2390.0,2390,2390,82.0,0.008408473910912767,0.0,2400,2400,2400,2400,2400,2400,2400,2400,2400,2400,2400
GET,/api/v5/addons/search/?app=firefox&q=UFokPwVviM&lang=en-US,1,0,25279,25279.0,25279,25279,82.0,0.008408473910912767,0.0,25000,25000,25000,25000,25000,25000,25000,25000,25000,25000,25000
GET,/api/v5/addons/search/?app=firefox&q=UGLsPidfCf&lang=en-US,1,0,3947,3947.0,3947,3947,82.0,0.008408473910912767,0.0,3900,3900,3900,3900,3900,3900,3900,3900,3900,3900,3900
GET,/api/v5/addons/search/?app=firefox&q=UHpXmHIUly&lang=en-US,1,0,26013,26013.0,26013,26013,82.0,0.008408473910912767,0.0,26000,26000,26000,26000,26000,26000,26000,26000,26000,26000,26000
GET,/api/v5/addons/search/?app=firefox&q=UKyaGdfexE&lang=en-US,1,0,24795,24795.0,24795,24795,82.0,0.008408473910912767,0.0,25000,25000,25000,25000,25000,25000,25000,25000,25000,25000,25000
GET,/api/v5/addons/search/?app=firefox&q=UTSsUInmCB&lang=en-US,1,0,23658,23658.0,23658,23658,82.0,0.008408473910912767,0.0,24000,24000,24000,24000,24000,24000,24000,24000,24000,24000,24000
GET,/api/v5/addons/search/?app=firefox&q=UXHubSkTfr&lang=en-US,1,0,24966,24966.0,24966,24966,82.0,0.008408473910912767,0.0,25000,25000,25000,25000,25000,25000,25000,25000,25000,25000,25000
GET,/api/v5/addons/search/?app=firefox&q=UYDOZNsENH&lang=en-US,1,0,20253,20253.0,20253,20253,82.0,0.008408473910912767,0.0,20000,20000,20000,20000,20000,20000,20000,20000,20000,20000,20000
GET,/api/v5/addons/search/?app=firefox&q=UjZVvDJQYn&lang=en-US,1,0,22936,22936.0,22936,22936,82.0,0.008408473910912767,0.0,23000,23000,23000,23000,23000,23000,23000,23000,23000,23000,23000
GET,/api/v5/addons/search/?app=firefox&q=UkRMaJOecf&lang=en-US,1,0,3015,3015.0,3015,3015,82.0,0.008408473910912767,0.0,3000,3000,3000,3000,3000,3000,3000,3000,3000,3000,3000
GET,/api/v5/addons/search/?app=firefox&q=UotpsPaXfe&lang=en-US,1,0,22920,22920.0,22920,22920,82.0,0.008408473910912767,0.0,23000,23000,23000,23000,23000,23000,23000,23000,23000,23000,23000
GET,/api/v5/addons/search/?app=firefox&q=UwPvxAoaSc&lang=en-US,1,0,25214,25214.0,25214,25214,82.0,0.008408473910912767,0.0,25000,25000,25000,25000,25000,25000,25000,25000,25000,25000,25000
GET,/api/v5/addons/search/?app=firefox&q=UyxoyJqswH&lang=en-US,1,0,25991,25991.0,25991,25991,82.0,0.008408473910912767,0.0,26000,26000,26000,26000,26000,26000,26000,26000,26000,26000,26000
GET,/api/v5/addons/search/?app=firefox&q=VJiKafTcrJ&lang=en-US,1,0,23727,23727.0,23727,23727,82.0,0.008408473910912767,0.0,24000,24000,24000,24000,24000,24000,24000,24000,24000,24000,24000
GET,/api/v5/addons/search/?app=firefox&q=VNJnukSvYk&lang=en-US,1,0,24041,24041.0,24041,24041,82.0,0.008408473910912767,0.0,24000,24000,24000,24000,24000,24000,24000,24000,24000,24000,24000
GET,/api/v5/addons/search/?app=firefox&q=VOytpPiyxx&lang=en-US,1,0,23076,23076.0,23076,23076,82.0,0.008408473910912767,0.0,23000,23000,23000,23000,23000,23000,23000,23000,23000,23000,23000
GET,/api/v5/addons/search/?app=firefox&q=VRwZGgarcB&lang=en-US,1,0,20528,20528.0,20528,20528,82.0,0.008408473910912767,0.0,21000,21000,21000,21000,21000,21000,21000,21000,21000,21000,21000
GET,/api/v5/addons/search/?app=firefox&q=VZEFTFgUnt&lang=en-US,1,0,24897,24897.0,24897,24897,82.0,0.008408473910912767,0.0,25000,25000,25000,25000,25000,25000,25000,25000,25000,25000,25000
GET,/api/v5/addons/search/?app=firefox&q=VaPytqhzPM&lang=en-US,1,0,22690,22690.0,22690,22690,82.0,0.008408473910912767,0.0,23000,23000,23000,23000,23000,23000,23000,23000,23000,23000,23000
GET,/api/v5/addons/search/?app=firefox&q=VafBAopGIp&lang=en-US,1,0,22879,22879.0,22879,22879,82.0,0.008408473910912767,0.0,23000,23000,23000,23000,23000,23000,23000,23000,23000,23000,23000
GET,/api/v5/addons/search/?app=firefox&q=VeBOdNBxiX&lang=en-US,1,0,9213,9213.0,9213,9213,82.0,0.008408473910912767,0.0,9200,9200,9200,9200,9200,9200,9200,9200,9200,9200,9200
GET,/api/v5/addons/search/?app=firefox&q=VeJmVnghxh&lang=en-US,1,0,22737,22737.0,22737,22737,82.0,0.008408473910912767,0.0,23000,23000,23000,23000,23000,23000,23000,23000,23000,23000,23000
GET,/api/v5/addons/search/?app=firefox&q=VqKJPGAdSF&lang=en-US,1,0,25793,25793.0,25793,25793,82.0,0.008408473910912767,0.0,26000,26000,26000,26000,26000,26000,26000,26000,26000,26000,26000
GET,/api/v5/addons/search/?app=firefox&q=VvqcjFszJo&lang=en-US,1,0,19198,19198.0,19198,19198,82.0,0.008408473910912767,0.0,19000,19000,19000,19000,19000,19000,19000,19000,19000,19000,19000
GET,/api/v5/addons/search/?app=firefox&q=VykeLligTJ&lang=en-US,1,0,16141,16141.0,16141,16141,82.0,0.008408473910912767,0.0,16000,16000,16000,16000,16000,16000,16000,16000,16000,16000,16000
GET,/api/v5/addons/search/?app=firefox&q=VzSFXYYZOX&lang=en-US,1,0,25636,25636.0,25636,25636,82.0,0.008408473910912767,0.0,26000,26000,26000,26000,26000,26000,26000,26000,26000,26000,26000
GET,/api/v5/addons/search/?app=firefox&q=VztgFKjbEQ&lang=en-US,1,0,26091,26091.0,26091,26091,82.0,0.008408473910912767,0.0,26000,26000,26000,26000,26000,26000,26000,26000,26000,26000,26000
GET,/api/v5/addons/search/?app=firefox&q=WCKQXDYHFj&lang=en-US,1,0,25762,25762.0,25762,25762,82.0,0.008408473910912767,0.0,26000,26000,26000,26000,26000,26000,26000,26000,26000,26000,26000
GET,/api/v5/addons/search/?app=firefox&q=WHQwbMEUAF&lang=en-US,1,0,25447,25447.0,25447,25447,82.0,0.008408473910912767,0.0,25000,25000,25000,25000,25000,25000,25000,25000,25000,25000,25000
GET,/api/v5/addons/search/?app=firefox&q=WHiLiYeBeA&lang=en-US,1,0,22848,22848.0,22848,22848,82.0,0.008408473910912767,0.0,23000,23000,23000,23000,23000,23000,23000,23000,23000,23000,23000
GET,/api/v5/addons/search/?app=firefox&q=WVasTVQWeJ&lang=en-US,1,0,25923,25923.0,25923,25923,82.0,0.008408473910912767,0.0,26000,26000,26000,26000,26000,26000,26000,26000,26000,26000,26000
GET,/api/v5/addons/search/?app=firefox&q=WWEvyilZEn&lang=en-US,1,0,24721,24721.0,24721,24721,82.0,0.008408473910912767,0.0,25000,25000,25000,25000,25000,25000,25000,25000,25000,25000,25000
GET,/api/v5/addons/search/?app=firefox&q=WWgXxhcsDt&lang=en-US,1,0,25821,25821.0,25821,25821,82.0,0.008408473910912767,0.0,26000,26000,26000,26000,26000,26000,26000,26000,26000,26000,26000
GET,/api/v5/addons/search/?app=firefox&q=WhuhINDfpH&lang=en-US,1,0,13546,13546.0,13546,13546,82.0,0.008408473910912767,0.0,14000,14000,14000,14000,14000,14000,14000,14000,14000,14000,14000
GET,/api/v5/addons/search/?app=firefox&q=WlCxCbzCIf&lang=en-US,1,0,25131,25131.0,25131,25131,82.0,0.008408473910912767,0.0,25000,25000,25000,25000,25000,25000,25000,25000,25000,25000,25000
GET,/api/v5/addons/search/?app=firefox&q=WqKpEVfDYU&lang=en-US,1,0,23993,23993.0,23993,23993,82.0,0.008408473910912767,0.0,24000,24000,24000,24000,24000,24000,24000,24000,24000,24000,24000
GET,/api/v5/addons/search/?app=firefox&q=WuPmURJfYW&lang=en-US,1,0,25046,25046.0,25046,25046,82.0,0.008408473910912767,0.0,25000,25000,25000,25000,25000,25000,25000,25000,25000,25000,25000
GET,/api/v5/addons/search/?app=firefox&q=WzUlMlfabn&lang=en-US,1,0,22770,22770.0,22770,22770,82.0,0.008408473910912767,0.0,23000,23000,23000,23000,23000,23000,23000,23000,23000,23000,23000
GET,/api/v5/addons/search/?app=firefox&q=XDfSuBBITR&lang=en-US,1,0,24368,24368.0,24368,24368,82.0,0.008408473910912767,0.0,24000,24000,24000,24000,24000,24000,24000,24000,24000,24000,24000
GET,/api/v5/addons/search/?app=firefox&q=XfvbotUQdG&lang=en-US,1,0,23525,23525.0,23525,23525,82.0,0.008408473910912767,0.0,24000,24000,24000,24000,24000,24000,24000,24000,24000,24000,24000
GET,/api/v5/addons/search/?app=firefox&q=XhmDWIXIiO&lang=en-US,1,0,25110,25110.0,25110,25110,82.0,0.008408473910912767,0.0,25000,25000,25000,25000,25000,25000,25000,25000,25000,25000,25000
GET,/api/v5/addons/search/?app=firefox&q=XovIQWxvZS&lang=en-US,1,0,23043,23043.0,23043,23043,82.0,0.008408473910912767,0.0,23000,23000,23000,23000,23000,23000,23000,23000,23000,23000,23000
GET,/api/v5/addons/search/?app=firefox&q=XyiEYgVMkO&lang=en-US,1,0,25111,25111.0,25111,25111,82.0,0.008408473910912767,0.0,25000,25000,25000,25000,25000,25000,25000,25000,25000,25000,25000
GET,/api/v5/addons/search/?app=firefox&q=YGXKulWTyf&lang=en-US,1,0,2415,2415.0,2415,2415,82.0,0.008408473910912767,0.0,2400,2400,2400,2400,2400,2400,2400,2400,2400,2400,2400
GET,/api/v5/addons/search/?app=firefox&q=YHdYsWkJNp&lang=en-US,1,0,24250,24250.0,24250,24250,82.0,0.008408473910912767,0.0,24000,24000,24000,24000,24000,24000,24000,24000,24000,24000,24000
GET,/api/v5/addons/search/?app=firefox&q=YJTPAXOHQg&lang=en-US,1,0,24554,24554.0,24554,24554,82.0,0.008408473910912767,0.0,25000,25000,25000,25000,25000,25000,25000,25000,25000,25000,25000
GET,/api/v5/addons/search/?app=firefox&q=YLoVpkgwUC&lang=en-US,1,0,24775,24775.0,24775,24775,82.0,0.008408473910912767,0.0,25000,25000,25000,25000,25000,25000,25000,25000,25000,25000,25000
GET,/api/v5/addons/search/?app=firefox&q=YMllsJxhGI&lang=en-US,1,0,24809,24809.0,24809,24809,82.0,0.008408473910912767,0.0,25000,25000,25000,25000,25000,25000,25000,25000,25000,25000,25000
GET,/api/v5/addons/search/?app=firefox&q=YbQQxGmCsf&lang=en-US,1,0,25443,25443.0,25443,25443,82.0,0.008408473910912767,0.0,25000,25000,25000,25000,25000,25000,25000,25000,25000,25000,25000
GET,/api/v5/addons/search/?app=firefox&q=YenDuPggxJ&lang=en-US,1,0,25194,25194.0,25194,25194,82.0,0.008408473910912767,0.0,25000,25000,25000,25000,25000,25000,25000,25000,25000,25000,25000
GET,/api/v5/addons/search/?app=firefox&q=YjIaMegqes&lang=en-US,1,0,24988,24988.0,24988,24988,82.0,0.008408473910912767,0.0,25000,25000,25000,25000,25000,25000,25000,25000,25000,25000,25000
GET,/api/v5/addons/search/?app=firefox&q=YnrcQdDeZI&lang=en-US,1,0,24356,24356.0,24356,24356,82.0,0.008408473910912767,0.0,24000,24000,24000,24000,24000,24000,24000,24000,24000,24000,24000
GET,/api/v5/addons/search/?app=firefox&q=YsccOOMnCo&lang=en-US,1,0,24322,24322.0,24322,24322,82.0,0.008408473910912767,0.0,24000,24000,24000,24000,24000,24000,24000,24000,24000,24000,24000
GET,/api/v5/addons/search/?app=firefox&q=YvQvpcqmPB&lang=en-US,1,0,22547,22547.0,22547,22547,82.0,0.008408473910912767,0.0,23000,23000,23000,23000,23000,23000,23000,23000,23000,23000,23000
GET,/api/v5/addons/search/?app=firefox&q=ZKVehKkTvd&lang=en-US,1,0,16233,16233.0,16233,16233,82.0,0.008408473910912767,0.0,16000,16000,16000,16000,16000,16000,16000,16000,16000,16000,16000
GET,/api/v5/addons/search/?app=firefox&q=ZSieVLUeLJ&lang=en-US,1,0,25504,25504.0,25504,25504,82.0,0.008408473910912767,0.0,26000,26000,26000,26000,26000,26000,26000,26000,26000,26000,26000
GET,/api/v5/addons/search/?app=firefox&q=ZeLRySniGa&lang=en-US,1,0,22961,22961.0,22961,22961,82.0,0.008408473910912767,0.0,23000,23000,23000,23000,23000,23000,23000,23000,23000,23000,23000
GET,/api/v5/addons/search/?app=firefox&q=ZhOYMqPPXU&lang=en-US,1,0,24862,24862.0,24862,24862,82.0,0.008408473910912767,0.0,25000,25000,25000,25000,25000,25000,25000,25000,25000,25000,25000
GET,/api/v5/addons/search/?app=firefox&q=ZkBrPcUfSf&lang=en-US,1,0,23008,23008.0,23008,23008,82.0,0.008408473910912767,0.0,23000,23000,23000,23000,23000,23000,23000,23000,23000,23000,23000
GET,/api/v5/addons/search/?app=firefox&q=ZmEkhzJbLU&lang=en-US,1,0,22799,22799.0,22799,22799,82.0,0.008408473910912767,0.0,23000,23000,23000,23000,23000,23000,23000,23000,23000,23000,23000
GET,/api/v5/addons/search/?app=firefox&q=ZnqXkAPMPb&lang=en-US,1,0,25199,25199.0,25199,25199,82.0,0.008408473910912767,0.0,25000,25000,25000,25000,25000,25000,25000,25000,25000,25000,25000
GET,/api/v5/addons/search/?app=firefox&q=ZzCejwPqWn&lang=en-US,1,0,26003,26003.0,26003,26003,82.0,0.008408473910912767,0.0,26000,26000,26000,26000,26000,26000,26000,26000,26000,26000,26000
GET,/api/v5/addons/search/?app=firefox&q=aEONFJIscw&lang=en-US,1,0,3169,3169.0,3169,3169,82.0,0.008408473910912767,0.0,3200,3200,3200,3200,3200,3200,3200,3200,3200,3200,3200
GET,/api/v5/addons/search/?app=firefox&q=aQjMLRqKVa&lang=en-US,1,0,24796,24796.0,24796,24796,82.0,0.008408473910912767,0.0,25000,25000,25000,25000,25000,25000,25000,25000,25000,25000,25000
GET,/api/v5/addons/search/?app=firefox&q=aRhRBzujAn&lang=en-US,1,0,24533,24533.0,24533,24533,82.0,0.008408473910912767,0.0,25000,25000,25000,25000,25000,25000,25000,25000,25000,25000,25000
GET,/api/v5/addons/search/?app=firefox&q=aVfUnonQRE&lang=en-US,1,0,4155,4155.0,4155,4155,82.0,0.008408473910912767,0.0,4200,4200,4200,4200,4200,4200,4200,4200,4200,4200,4200
GET,/api/v5/addons/search/?app=firefox&q=aWHVyxvVsL&lang=en-US,1,0,24923,24923.0,24923,24923,82.0,0.008408473910912767,0.0,25000,25000,25000,25000,25000,25000,25000,25000,25000,25000,25000
GET,/api/v5/addons/search/?app=firefox&q=anIiiKyvJw&lang=en-US,1,0,25188,25188.0,25188,25188,82.0,0.008408473910912767,0.0,25000,25000,25000,25000,25000,25000,25000,25000,25000,25000,25000
GET,/api/v5/addons/search/?app=firefox&q=azbwhzpGoF&lang=en-US,1,0,23474,23474.0,23474,23474,82.0,0.008408473910912767,0.0,23000,23000,23000,23000,23000,23000,23000,23000,23000,23000,23000
GET,/api/v5/addons/search/?app=firefox&q=bMXiftuyHs&lang=en-US,1,0,25252,25252.0,25252,25252,82.0,0.008408473910912767,0.0,25000,25000,25000,25000,25000,25000,25000,25000,25000,25000,25000
GET,/api/v5/addons/search/?app=firefox&q=bRhxvalvee&lang=en-US,1,0,25118,25118.0,25118,25118,82.0,0.008408473910912767,0.0,25000,25000,25000,25000,25000,25000,25000,25000,25000,25000,25000
GET,/api/v5/addons/search/?app=firefox&q=bcddGQkEKb&lang=en-US,1,0,23426,23426.0,23426,23426,82.0,0.008408473910912767,0.0,23000,23000,23000,23000,23000,23000,23000,23000,23000,23000,23000
GET,/api/v5/addons/search/?app=firefox&q=bpMfCWNNUG&lang=en-US,1,0,25347,25347.0,25347,25347,82.0,0.008408473910912767,0.0,25000,25000,25000,25000,25000,25000,25000,25000,25000,25000,25000
GET,/api/v5/addons/search/?app=firefox&q=cDyHzfAkie&lang=en-US,1,0,13167,13167.0,13167,13167,82.0,0.008408473910912767,0.0,13000,13000,13000,13000,13000,13000,13000,13000,13000,13000,13000
GET,/api/v5/addons/search/?app=firefox&q=cHNFbHCUqN&lang=en-US,1,0,26153,26153.0,26153,26153,82.0,0.008408473910912767,0.0,26000,26000,26000,26000,26000,26000,26000,26000,26000,26000,26000
GET,/api/v5/addons/search/?app=firefox&q=cQIOCgbgbh&lang=en-US,1,0,25406,25406.0,25406,25406,82.0,0.008408473910912767,0.0,25000,25000,25000,25000,25000,25000,25000,25000,25000,25000,25000
GET,/api/v5/addons/search/?app=firefox&q=cReNGxWNDb&lang=en-US,1,0,24449,24449.0,24449,24449,82.0,0.008408473910912767,0.0,24000,24000,24000,24000,24000,24000,24000,24000,24000,24000,24000
GET,/api/v5/addons/search/?app=firefox&q=cSjKzQvnMm&lang=en-US,1,0,10541,10541.0,10541,10541,82.0,0.008408473910912767,0.0,11000,11000,11000,11000,11000,11000,11000,11000,11000,11000,11000
GET,/api/v5/addons/search/?app=firefox&q=cZSbyxhEnP&lang=en-US,1,0,11254,11254.0,11254,11254,82.0,0.008408473910912767,0.0,11000,11000,11000,11000,11000,11000,11000,11000,11000,11000,11000
GET,/api/v5/addons/search/?app=firefox&q=ccPfKHzTLM&lang=en-US,1,0,26044,26044.0,26044,26044,82.0,0.008408473910912767,0.0,26000,26000,26000,26000,26000,26000,26000,26000,26000,26000,26000
GET,/api/v5/addons/search/?app=firefox&q=cfjDxLDauK&lang=en-US,1,0,20443,20443.0,20443,20443,82.0,0.008408473910912767,0.0,20000,20000,20000,20000,20000,20000,20000,20000,20000,20000,20000
GET,/api/v5/addons/search/?app=firefox&q=cgJFnlZMNz&lang=en-US,1,0,25905,25905.0,25905,25905,82.0,0.008408473910912767,0.0,26000,26000,26000,26000,26000,26000,26000,26000,26000,26000,26000
GET,/api/v5/addons/search/?app=firefox&q=ciUcDtzKSZ&lang=en-US,1,0,10632,10632.0,10632,10632,82.0,0.008408473910912767,0.0,11000,11000,11000,11000,11000,11000,11000,11000,11000,11000,11000
GET,/api/v5/addons/search/?app=firefox&q=csHDwHDnPs&lang=en-US,1,0,23019,23019.0,23019,23019,82.0,0.008408473910912767,0.0,23000,23000,23000,23000,23000,23000,23000,23000,23000,23000,23000
GET,/api/v5/addons/search/?app=firefox&q=ctSXjgwtqX&lang=en-US,1,0,23068,23068.0,23068,23068,82.0,0.008408473910912767,0.0,23000,23000,23000,23000,23000,23000,23000,23000,23000,23000,23000
GET,/api/v5/addons/search/?app=firefox&q=cuxusmfkPO&lang=en-US,1,0,23676,23676.0,23676,23676,82.0,0.008408473910912767,0.0,24000,24000,24000,24000,24000,24000,24000,24000,24000,24000,24000
GET,/api/v5/addons/search/?app=firefox&q=cyoLpOZJDL&lang=en-US,1,0,25899,25899.0,25899,25899,82.0,0.008408473910912767,0.0,26000,26000,26000,26000,26000,26000,26000,26000,26000,26000,26000
GET,/api/v5/addons/search/?app=firefox&q=dErvitELJA&lang=en-US,1,0,23222,23222.0,23222,23222,82.0,0.008408473910912767,0.0,23000,23000,23000,23000,23000,23000,23000,23000,23000,23000,23000
GET,/api/v5/addons/search/?app=firefox&q=dFdrObACfj&lang=en-US,1,0,12019,12019.0,12019,12019,82.0,0.008408473910912767,0.0,12000,12000,12000,12000,12000,12000,12000,12000,12000,12000,12000
GET,/api/v5/addons/search/?app=firefox&q=dJzQHIDtvl&lang=en-US,1,0,23799,23799.0,23799,23799,82.0,0.008408473910912767,0.0,24000,24000,24000,24000,24000,24000,24000,24000,24000,24000,24000
GET,/api/v5/addons/search/?app=firefox&q=dMxXnEupnh&lang=en-US,1,0,25326,25326.0,25326,25326,82.0,0.008408473910912767,0.0,25000,25000,25000,25000,25000,25000,25000,25000,25000,25000,25000
GET,/api/v5/addons/search/?app=firefox&q=dOZYuRRBGM&lang=en-US,1,0,25071,25071.0,25071,25071,82.0,0.008408473910912767,0.0,25000,25000,25000,25000,25000,25000,25000,25000,25000,25000,25000
GET,/api/v5/addons/search/?app=firefox&q=dQFqFOLmmg&lang=en-US,1,0,23345,23345.0,23345,23345,82.0,0.008408473910912767,0.0,23000,23000,23000,23000,23000,23000,23000,23000,23000,23000,23000
GET,/api/v5/addons/search/?app=firefox&q=dTvjxkfSQx&lang=en-US,1,0,17313,17313.0,17313,17313,82.0,0.008408473910912767,0.0,17000,17000,17000,17000,17000,17000,17000,17000,17000,17000,17000
GET,/api/v5/addons/search/?app=firefox&q=dVSuCaCmOZ&lang=en-US,1,0,13264,13264.0,13264,13264,82.0,0.008408473910912767,0.0,13000,13000,13000,13000,13000,13000,13000,13000,13000,13000,13000
GET,/api/v5/addons/search/?app=firefox&q=dbCqYIQaqQ&lang=en-US,1,0,25156,25156.0,25156,25156,82.0,0.008408473910912767,0.0,25000,25000,25000,25000,25000,25000,25000,25000,25000,25000,25000
GET,/api/v5/addons/search/?app=firefox&q=dcUVjUMhDD&lang=en-US,1,0,12248,12248.0,12248,12248,82.0,0.008408473910912767,0.0,12000,12000,12000,12000,12000,12000,12000,12000,12000,12000,12000
GET,/api/v5/addons/search/?app=firefox&q=dhmAswLbfF&lang=en-US,1,0,6071,6071.0,6071,6071,82.0,0.008408473910912767,0.0,6100,6100,6100,6100,6100,6100,6100,6100,6100,6100,6100
GET,/api/v5/addons/search/?app=firefox&q=distFKoZmD&lang=en-US,1,0,23947,23947.0,23947,23947,82.0,0.008408473910912767,0.0,24000,24000,24000,24000,24000,24000,24000,24000,24000,24000,24000
GET,/api/v5/addons/search/?app=firefox&q=dunWGJBKCE&lang=en-US,1,0,7461,7461.0,7461,7461,82.0,0.008408473910912767,0.0,7500,7500,7500,7500,7500,7500,7500,7500,7500,7500,7500
GET,/api/v5/addons/search/?app=firefox&q=dvExoYtiWu&lang=en-US,1,0,9016,9016.0,9016,9016,82.0,0.008408473910912767,0.0,9000,9000,9000,9000,9000,9000,9000,9000,9000,9000,9000
GET,/api/v5/addons/search/?app=firefox&q=dwarRzrEbP&lang=en-US,1,0,25922,25922.0,25922,25922,82.0,0.008408473910912767,0.0,26000,26000,26000,26000,26000,26000,26000,26000,26000,26000,26000
GET,/api/v5/addons/search/?app=firefox&q=dwdtrpBjWq&lang=en-US,1,0,14236,14236.0,14236,14236,82.0,0.008408473910912767,0.0,14000,14000,14000,14000,14000,14000,14000,14000,14000,14000,14000
GET,/api/v5/addons/search/?app=firefox&q=dwuwZyXTNi&lang=en-US,1,0,22793,22793.0,22793,22793,82.0,0.008408473910912767,0.0,23000,23000,23000,23000,23000,23000,23000,23000,23000,23000,23000
GET,/api/v5/addons/search/?app=firefox&q=eFTDoVwjTP&lang=en-US,1,0,8365,8365.0,8365,8365,82.0,0.008408473910912767,0.0,8400,8400,8400,8400,8400,8400,8400,8400,8400,8400,8400
GET,/api/v5/addons/search/?app=firefox&q=eItNGEYQMm&lang=en-US,1,0,22779,22779.0,22779,22779,82.0,0.008408473910912767,0.0,23000,23000,23000,23000,23000,23000,23000,23000,23000,23000,23000
GET,/api/v5/addons/search/?app=firefox&q=eVruEPrgXL&lang=en-US,1,0,24965,24965.0,24965,24965,82.0,0.008408473910912767,0.0,25000,25000,25000,25000,25000,25000,25000,25000,25000,25000,25000
GET,/api/v5/addons/search/?app=firefox&q=earnOKhfyW&lang=en-US,1,0,22554,22554.0,22554,22554,82.0,0.008408473910912767,0.0,23000,23000,23000,23000,23000,23000,23000,23000,23000,23000,23000
GET,/api/v5/addons/search/?app=firefox&q=esBTInGWmU&lang=en-US,1,0,25253,25253.0,25253,25253,82.0,0.008408473910912767,0.0,25000,25000,25000,25000,25000,25000,25000,25000,25000,25000,25000
GET,/api/v5/addons/search/?app=firefox&q=etTDBGcora&lang=en-US,1,0,23017,23017.0,23017,23017,82.0,0.008408473910912767,0.0,23000,23000,23000,23000,23000,23000,23000,23000,23000,23000,23000
GET,/api/v5/addons/search/?app=firefox&q=fCEDQwLmLY&lang=en-US,1,0,25377,25377.0,25377,25377,82.0,0.008408473910912767,0.0,25000,25000,25000,25000,25000,25000,25000,25000,25000,25000,25000
GET,/api/v5/addons/search/?app=firefox&q=fDikajGBna&lang=en-US,1,0,6687,6687.0,6687,6687,82.0,0.008408473910912767,0.0,6700,6700,6700,6700,6700,6700,6700,6700,6700,6700,6700
GET,/api/v5/addons/search/?app=firefox&q=fLfwBcnLva&lang=en-US,1,0,25734,25734.0,25734,25734,82.0,0.008408473910912767,0.0,26000,26000,26000,26000,26000,26000,26000,26000,26000,26000,26000
GET,/api/v5/addons/search/?app=firefox&q=fLnaqvUqMM&lang=en-US,1,0,9813,9813.0,9813,9813,82.0,0.008408473910912767,0.0,9800,9800,9800,9800,9800,9800,9800,9800,9800,9800,9800
GET,/api/v5/addons/search/?app=firefox&q=fMzkYupivw&lang=en-US,1,0,24904,24904.0,24904,24904,82.0,0.008408473910912767,0.0,25000,25000,25000,25000,25000,25000,25000,25000,25000,25000,25000
GET,/api/v5/addons/search/?app=firefox&q=fNdAGPFmNf&lang=en-US,1,0,25130,25130.0,25130,25130,82.0,0.008408473910912767,0.0,25000,25000,25000,25000,25000,25000,25000,25000,25000,25000,25000
GET,/api/v5/addons/search/?app=firefox&q=fTlFYCcvnJ&lang=en-US,1,0,22858,22858.0,22858,22858,82.0,0.008408473910912767,0.0,23000,23000,23000,23000,23000,23000,23000,23000,23000,23000,23000
GET,/api/v5/addons/search/?app=firefox&q=fVAcPjwNqD&lang=en-US,1,0,10698,10698.0,10698,10698,82.0,0.008408473910912767,0.0,11000,11000,11000,11000,11000,11000,11000,11000,11000,11000,11000
GET,/api/v5/addons/search/?app=firefox&q=fkVzcUuhJo&lang=en-US,1,0,23677,23677.0,23677,23677,82.0,0.008408473910912767,0.0,24000,24000,24000,24000,24000,24000,24000,24000,24000,24000,24000
GET,/api/v5/addons/search/?app=firefox&q=fpOdWxHyti&lang=en-US,1,0,25294,25294.0,25294,25294,82.0,0.008408473910912767,0.0,25000,25000,25000,25000,25000,25000,25000,25000,25000,25000,25000
GET,/api/v5/addons/search/?app=firefox&q=frnBldcHxt&lang=en-US,1,0,23487,23487.0,23487,23487,82.0,0.008408473910912767,0.0,23000,23000,23000,23000,23000,23000,23000,23000,23000,23000,23000
GET,/api/v5/addons/search/?app=firefox&q=fsrYvzfgMw&lang=en-US,1,0,23590,23590.0,23590,23590,82.0,0.008408473910912767,0.0,24000,24000,24000,24000,24000,24000,24000,24000,24000,24000,24000
GET,/api/v5/addons/search/?app=firefox&q=fxWYNvJIaO&lang=en-US,1,0,25731,25731.0,25731,25731,82.0,0.008408473910912767,0.0,26000,26000,26000,26000,26000,26000,26000,26000,26000,26000,26000
GET,/api/v5/addons/search/?app=firefox&q=gKWEgdwzoF&lang=en-US,1,0,25271,25271.0,25271,25271,82.0,0.008408473910912767,0.0,25000,25000,25000,25000,25000,25000,25000,25000,25000,25000,25000
GET,/api/v5/addons/search/?app=firefox&q=gXpySxQaRV&lang=en-US,1,0,25087,25087.0,25087,25087,82.0,0.008408473910912767,0.0,25000,25000,25000,25000,25000,25000,25000,25000,25000,25000,25000
GET,/api/v5/addons/search/?app=firefox&q=gjryquQCNM&lang=en-US,1,0,25544,25544.0,25544,25544,82.0,0.008408473910912767,0.0,26000,26000,26000,26000,26000,26000,26000,26000,26000,26000,26000
GET,/api/v5/addons/search/?app=firefox&q=gsDxSmyrKl&lang=en-US,1,0,24582,24582.0,24582,24582,82.0,0.008408473910912767,0.0,25000,25000,25000,25000,25000,25000,25000,25000,25000,25000,25000
GET,/api/v5/addons/search/?app=firefox&q=gvWOewfQbM&lang=en-US,1,0,24875,24875.0,24875,24875,82.0,0.008408473910912767,0.0,25000,25000,25000,25000,25000,25000,25000,25000,25000,25000,25000
GET,/api/v5/addons/search/?app=firefox&q=gzSTFIVArx&lang=en-US,1,0,6709,6709.0,6709,6709,82.0,0.008408473910912767,0.0,6700,6700,6700,6700,6700,6700,6700,6700,6700,6700,6700
GET,/api/v5/addons/search/?app=firefox&q=gzVlKyzNmE&lang=en-US,1,0,25856,25856.0,25856,25856,82.0,0.008408473910912767,0.0,26000,26000,26000,26000,26000,26000,26000,26000,26000,26000,26000
GET,/api/v5/addons/search/?app=firefox&q=hFNZMEWudK&lang=en-US,1,0,22878,22878.0,22878,22878,82.0,0.008408473910912767,0.0,23000,23000,23000,23000,23000,23000,23000,23000,23000,23000,23000
GET,/api/v5/addons/search/?app=firefox&q=hTwtsIYhup&lang=en-US,1,0,26118,26118.0,26118,26118,82.0,0.008408473910912767,0.0,26000,26000,26000,26000,26000,26000,26000,26000,26000,26000,26000
GET,/api/v5/addons/search/?app=firefox&q=hXGbOqYPLE&lang=en-US,1,0,25113,25113.0,25113,25113,82.0,0.008408473910912767,0.0,25000,25000,25000,25000,25000,25000,25000,25000,25000,25000,25000
GET,/api/v5/addons/search/?app=firefox&q=hXdkkYMZyr&lang=en-US,1,0,10749,10749.0,10749,10749,82.0,0.008408473910912767,0.0,11000,11000,11000,11000,11000,11000,11000,11000,11000,11000,11000
GET,/api/v5/addons/search/?app=firefox&q=hftRANOdMY&lang=en-US,1,0,7499,7499.0,7499,7499,82.0,0.008408473910912767,0.0,7500,7500,7500,7500,7500,7500,7500,7500,7500,7500,7500
GET,/api/v5/addons/search/?app=firefox&q=hjiaUIVlHM&lang=en-US,1,0,24591,24591.0,24591,24591,82.0,0.008408473910912767,0.0,25000,25000,25000,25000,25000,25000,25000,25000,25000,25000,25000
GET,/api/v5/addons/search/?app=firefox&q=htIRsVfHKY&lang=en-US,1,0,6777,6777.0,6777,6777,82.0,0.008408473910912767,0.0,6800,6800,6800,6800,6800,6800,6800,6800,6800,6800,6800
GET,/api/v5/addons/search/?app=firefox&q=huoTBqNTkY&lang=en-US,1,0,22728,22728.0,22728,22728,82.0,0.008408473910912767,0.0,23000,23000,23000,23000,23000,23000,23000,23000,23000,23000,23000
GET,/api/v5/addons/search/?app=firefox&q=iLKLqGUvZk&lang=en-US,1,0,25166,25166.0,25166,25166,82.0,0.008408473910912767,0.0,25000,25000,25000,25000,25000,25000,25000,25000,25000,25000,25000
GET,/api/v5/addons/search/?app=firefox&q=iemSPiyDMh&lang=en-US,1,0,24700,24700.0,24700,24700,82.0,0.008408473910912767,0.0,25000,25000,25000,25000,25000,25000,25000,25000,25000,25000,25000
GET,/api/v5/addons/search/?app=firefox&q=iflMOBrCHU&lang=en-US,1,0,24838,24838.0,24838,24838,82.0,0.008408473910912767,0.0,25000,25000,25000,25000,25000,25000,25000,25000,25000,25000,25000
GET,/api/v5/addons/search/?app=firefox&q=ijaPWBaxNl&lang=en-US,1,0,16142,16142.0,16142,16142,82.0,0.008408473910912767,0.0,16000,16000,16000,16000,16000,16000,16000,16000,16000,16000,16000
GET,/api/v5/addons/search/?app=firefox&q=imhIvRdqRq&lang=en-US,1,0,25040,25040.0,25040,25040,82.0,0.008408473910912767,0.0,25000,25000,25000,25000,25000,25000,25000,25000,25000,25000,25000
GET,/api/v5/addons/search/?app=firefox&q=imztUlxBcG&lang=en-US,1,0,23990,23990.0,23990,23990,82.0,0.008408473910912767,0.0,24000,24000,24000,24000,24000,24000,24000,24000,24000,24000,24000
GET,/api/v5/addons/search/?app=firefox&q=ipmnLuDsxW&lang=en-US,1,0,18057,18057.0,18057,18057,82.0,0.008408473910912767,0.0,18000,18000,18000,18000,18000,18000,18000,18000,18000,18000,18000
GET,/api/v5/addons/search/?app=firefox&q=iyRZrKydYS&lang=en-US,1,0,24149,24149.0,24149,24149,82.0,0.008408473910912767,0.0,24000,24000,24000,24000,24000,24000,24000,24000,24000,24000,24000
GET,/api/v5/addons/search/?app=firefox&q=jFTkfHVkVG&lang=en-US,1,0,24968,24968.0,24968,24968,82.0,0.008408473910912767,0.0,25000,25000,25000,25000,25000,25000,25000,25000,25000,25000,25000
GET,/api/v5/addons/search/?app=firefox&q=jObYquNIcA&lang=en-US,1,0,25676,25676.0,25676,25676,82.0,0.008408473910912767,0.0,26000,26000,26000,26000,26000,26000,26000,26000,26000,26000,26000
GET,/api/v5/addons/search/?app=firefox&q=jRfQUtQYrZ&lang=en-US,1,0,23498,23498.0,23498,23498,82.0,0.008408473910912767,0.0,23000,23000,23000,23000,23000,23000,23000,23000,23000,23000,23000
GET,/api/v5/addons/search/?app=firefox&q=jTcQBLUBgR&lang=en-US,1,0,18789,18789.0,18789,18789,82.0,0.008408473910912767,0.0,19000,19000,19000,19000,19000,19000,19000,19000,19000,19000,19000
GET,/api/v5/addons/search/?app=firefox&q=jWMBnNSpXC&lang=en-US,1,0,25658,25658.0,25658,25658,82.0,0.008408473910912767,0.0,26000,26000,26000,26000,26000,26000,26000,26000,26000,26000,26000
GET,/api/v5/addons/search/?app=firefox&q=jWxSnaORtn&lang=en-US,1,0,23525,23525.0,23525,23525,82.0,0.008408473910912767,0.0,24000,24000,24000,24000,24000,24000,24000,24000,24000,24000,24000
GET,/api/v5/addons/search/?app=firefox&q=jdjoTgGnPh&lang=en-US,1,0,23444,23444.0,23444,23444,82.0,0.008408473910912767,0.0,23000,23000,23000,23000,23000,23000,23000,23000,23000,23000,23000
GET,/api/v5/addons/search/?app=firefox&q=jlDowRhtGG&lang=en-US,1,0,25835,25835.0,25835,25835,82.0,0.008408473910912767,0.0,26000,26000,26000,26000,26000,26000,26000,26000,26000,26000,26000
GET,/api/v5/addons/search/?app=firefox&q=kLvgmivUiC&lang=en-US,1,0,26046,26046.0,26046,26046,82.0,0.008408473910912767,0.0,26000,26000,26000,26000,26000,26000,26000,26000,26000,26000,26000
GET,/api/v5/addons/search/?app=firefox&q=kVQWVlTGfz&lang=en-US,1,0,24514,24514.0,24514,24514,82.0,0.008408473910912767,0.0,25000,25000,25000,25000,25000,25000,25000,25000,25000,25000,25000
GET,/api/v5/addons/search/?app=firefox&q=keVuIruTyp&lang=en-US,1,0,2415,2415.0,2415,2415,82.0,0.008408473910912767,0.0,2400,2400,2400,2400,2400,2400,2400,2400,2400,2400,2400
GET,/api/v5/addons/search/?app=firefox&q=khsGKltcSY&lang=en-US,1,0,23062,23062.0,23062,23062,82.0,0.008408473910912767,0.0,23000,23000,23000,23000,23000,23000,23000,23000,23000,23000,23000
GET,/api/v5/addons/search/?app=firefox&q=krLBzZECzV&lang=en-US,1,0,25520,25520.0,25520,25520,82.0,0.008408473910912767,0.0,26000,26000,26000,26000,26000,26000,26000,26000,26000,26000,26000
GET,/api/v5/addons/search/?app=firefox&q=kvIrhfWewr&lang=en-US,1,0,23555,23555.0,23555,23555,82.0,0.008408473910912767,0.0,24000,24000,24000,24000,24000,24000,24000,24000,24000,24000,24000
GET,/api/v5/addons/search/?app=firefox&q=kwqldtHHag&lang=en-US,1,0,25105,25105.0,25105,25105,82.0,0.008408473910912767,0.0,25000,25000,25000,25000,25000,25000,25000,25000,25000,25000,25000
GET,/api/v5/addons/search/?app=firefox&q=kxcudtwoxt&lang=en-US,1,0,24419,24419.0,24419,24419,82.0,0.008408473910912767,0.0,24000,24000,24000,24000,24000,24000,24000,24000,24000,24000,24000
GET,/api/v5/addons/search/?app=firefox&q=kzPiUitBlP&lang=en-US,1,0,6489,6489.0,6489,6489,82.0,0.008408473910912767,0.0,6500,6500,6500,6500,6500,6500,6500,6500,6500,6500,6500
GET,/api/v5/addons/search/?app=firefox&q=lDDmjfTEnV&lang=en-US,1,0,24394,24394.0,24394,24394,82.0,0.008408473910912767,0.0,24000,24000,24000,24000,24000,24000,24000,24000,24000,24000,24000
GET,/api/v5/addons/search/?app=firefox&q=lFtNyhyqin&lang=en-US,1,0,25150,25150.0,25150,25150,82.0,0.008408473910912767,0.0,25000,25000,25000,25000,25000,25000,25000,25000,25000,25000,25000
GET,/api/v5/addons/search/?app=firefox&q=lOdEPzzqZO&lang=en-US,1,0,15467,15467.0,15467,15467,82.0,0.008408473910912767,0.0,15000,15000,15000,15000,15000,15000,15000,15000,15000,15000,15000
GET,/api/v5/addons/search/?app=firefox&q=lbfOXPTsgO&lang=en-US,1,0,24452,24452.0,24452,24452,82.0,0.008408473910912767,0.0,24000,24000,24000,24000,24000,24000,24000,24000,24000,24000,24000
GET,/api/v5/addons/search/?app=firefox&q=lhSlYREUqQ&lang=en-US,1,0,23936,23936.0,23936,23936,82.0,0.008408473910912767,0.0,24000,24000,24000,24000,24000,24000,24000,24000,24000,24000,24000
GET,/api/v5/addons/search/?app=firefox&q=lmwWwgxBHG&lang=en-US,1,0,24205,24205.0,24205,24205,82.0,0.008408473910912767,0.0,24000,24000,24000,24000,24000,24000,24000,24000,24000,24000,24000
GET,/api/v5/addons/search/?app=firefox&q=lpwbWeWANP&lang=en-US,1,0,10857,10857.0,10857,10857,82.0,0.008408473910912767,0.0,11000,11000,11000,11000,11000,11000,11000,11000,11000,11000,11000
GET,/api/v5/addons/search/?app=firefox&q=lvoHXmjBFE&lang=en-US,1,0,23940,23940.0,23940,23940,82.0,0.008408473910912767,0.0,24000,24000,24000,24000,24000,24000,24000,24000,24000,24000,24000
GET,/api/v5/addons/search/?app=firefox&q=lwLjIQfBeb&lang=en-US,1,0,24771,24771.0,24771,24771,82.0,0.008408473910912767,0.0,25000,25000,25000,25000,25000,25000,25000,25000,25000,25000,25000
GET,/api/v5/addons/search/?app=firefox&q=lwhXECAJOZ&lang=en-US,1,0,24568,24568.0,24568,24568,82.0,0.008408473910912767,0.0,25000,25000,25000,25000,25000,25000,25000,25000,25000,25000,25000
GET,/api/v5/addons/search/?app=firefox&q=mEkPWvPrxn&lang=en-US,1,0,25198,25198.0,25198,25198,82.0,0.008408473910912767,0.0,25000,25000,25000,25000,25000,25000,25000,25000,25000,25000,25000
GET,/api/v5/addons/search/?app=firefox&q=mKDCNOLZqF&lang=en-US,1,0,22313,22313.0,22313,22313,82.0,0.008408473910912767,0.0,22000,22000,22000,22000,22000,22000,22000,22000,22000,22000,22000
GET,/api/v5/addons/search/?app=firefox&q=mOMNlhMKAQ&lang=en-US,1,0,25451,25451.0,25451,25451,82.0,0.008408473910912767,0.0,25000,25000,25000,25000,25000,25000,25000,25000,25000,25000,25000
GET,/api/v5/addons/search/?app=firefox&q=mWaMqOJabZ&lang=en-US,1,0,25855,25855.0,25855,25855,82.0,0.008408473910912767,0.0,26000,26000,26000,26000,26000,26000,26000,26000,26000,26000,26000
GET,/api/v5/addons/search/?app=firefox&q=mepgvqLHJE&lang=en-US,1,0,18092,18092.0,18092,18092,82.0,0.008408473910912767,0.0,18000,18000,18000,18000,18000,18000,18000,18000,18000,18000,18000
GET,/api/v5/addons/search/?app=firefox&q=mnTKidYxoV&lang=en-US,1,0,7184,7184.0,7184,7184,82.0,0.008408473910912767,0.0,7200,7200,7200,7200,7200,7200,7200,7200,7200,7200,7200
GET,/api/v5/addons/search/?app=firefox&q=muUAZbbjOR&lang=en-US,1,0,9024,9024.0,9024,9024,82.0,0.008408473910912767,0.0,9000,9000,9000,9000,9000,9000,9000,9000,9000,9000,9000
GET,/api/v5/addons/search/?app=firefox&q=muthWoFHQU&lang=en-US,1,0,24833,24833.0,24833,24833,82.0,0.008408473910912767,0.0,25000,25000,25000,25000,25000,25000,25000,25000,25000,25000,25000
GET,/api/v5/addons/search/?app=firefox&q=nBorYXuzwo&lang=en-US,1,0,25137,25137.0,25137,25137,82.0,0.008408473910912767,0.0,25000,25000,25000,25000,25000,25000,25000,25000,25000,25000,25000
GET,/api/v5/addons/search/?app=firefox&q=nDHcAKltDk&lang=en-US,1,0,25701,25701.0,25701,25701,82.0,0.008408473910912767,0.0,26000,26000,26000,26000,26000,26000,26000,26000,26000,26000,26000
GET,/api/v5/addons/search/?app=firefox&q=nGyOmrSgCm&lang=en-US,1,0,25806,25806.0,25806,25806,82.0,0.008408473910912767,0.0,26000,26000,26000,26000,26000,26000,26000,26000,26000,26000,26000
GET,/api/v5/addons/search/?app=firefox&q=nORUWfcmpZ&lang=en-US,1,0,11487,11487.0,11487,11487,82.0,0.008408473910912767,0.0,11000,11000,11000,11000,11000,11000,11000,11000,11000,11000,11000
GET,/api/v5/addons/search/?app=firefox&q=nQyziqmcUj&lang=en-US,1,0,5955,5955.0,5955,5955,82.0,0.008408473910912767,0.0,6000,6000,6000,6000,6000,6000,6000,6000,6000,6000,6000
GET,/api/v5/addons/search/?app=firefox&q=nReHiPUWwc&lang=en-US,1,0,24875,24875.0,24875,24875,82.0,0.008408473910912767,0.0,25000,25000,25000,25000,25000,25000,25000,25000,25000,25000,25000
GET,/api/v5/addons/search/?app=firefox&q=nahXYdMtCq&lang=en-US,1,0,25540,25540.0,25540,25540,82.0,0.008408473910912767,0.0,26000,26000,26000,26000,26000,26000,26000,26000,26000,26000,26000
GET,/api/v5/addons/search/?app=firefox&q=nwjuQBqJXI&lang=en-US,1,0,18213,18213.0,18213,18213,82.0,0.008408473910912767,0.0,18000,18000,18000,18000,18000,18000,18000,18000,18000,18000,18000
GET,/api/v5/addons/search/?app=firefox&q=oNMPLyxSTI&lang=en-US,1,0,23036,23036.0,23036,23036,82.0,0.008408473910912767,0.0,23000,23000,23000,23000,23000,23000,23000,23000,23000,23000,23000
GET,/api/v5/addons/search/?app=firefox&q=oOFIHtTJaa&lang=en-US,1,0,15899,15899.0,15899,15899,82.0,0.008408473910912767,0.0,16000,16000,16000,16000,16000,16000,16000,16000,16000,16000,16000
GET,/api/v5/addons/search/?app=firefox&q=oPFZvaeWbi&lang=en-US,1,0,14345,14345.0,14345,14345,82.0,0.008408473910912767,0.0,14000,14000,14000,14000,14000,14000,14000,14000,14000,14000,14000
GET,/api/v5/addons/search/?app=firefox&q=oPRLrBEYDE&lang=en-US,1,0,25117,25117.0,25117,25117,82.0,0.008408473910912767,0.0,25000,25000,25000,25000,25000,25000,25000,25000,25000,25000,25000
GET,/api/v5/addons/search/?app=firefox&q=oSDsYZTHPV&lang=en-US,1,0,23332,23332.0,23332,23332,82.0,0.008408473910912767,0.0,23000,23000,23000,23000,23000,23000,23000,23000,23000,23000,23000
GET,/api/v5/addons/search/?app=firefox&q=oYDRCxJNud&lang=en-US,1,0,24737,24737.0,24737,24737,82.0,0.008408473910912767,0.0,25000,25000,25000,25000,25000,25000,25000,25000,25000,25000,25000
GET,/api/v5/addons/search/?app=firefox&q=ogmKOBCiYQ&lang=en-US,1,0,24365,24365.0,24365,24365,82.0,0.008408473910912767,0.0,24000,24000,24000,24000,24000,24000,24000,24000,24000,24000,24000
GET,/api/v5/addons/search/?app=firefox&q=ojTAHFqLVi&lang=en-US,1,0,22913,22913.0,22913,22913,82.0,0.008408473910912767,0.0,23000,23000,23000,23000,23000,23000,23000,23000,23000,23000,23000
GET,/api/v5/addons/search/?app=firefox&q=opkpFvHNpe&lang=en-US,1,0,25160,25160.0,25160,25160,82.0,0.008408473910912767,0.0,25000,25000,25000,25000,25000,25000,25000,25000,25000,25000,25000
GET,/api/v5/addons/search/?app=firefox&q=ouLIBVrbpV&lang=en-US,1,0,25361,25361.0,25361,25361,82.0,0.008408473910912767,0.0,25000,25000,25000,25000,25000,25000,25000,25000,25000,25000,25000
GET,/api/v5/addons/search/?app=firefox&q=owxnoxTPgH&lang=en-US,1,0,21771,21771.0,21771,21771,82.0,0.008408473910912767,0.0,22000,22000,22000,22000,22000,22000,22000,22000,22000,22000,22000
GET,/api/v5/addons/search/?app=firefox&q=pAborlJMOM&lang=en-US,1,0,24506,24506.0,24506,24506,82.0,0.008408473910912767,0.0,25000,25000,25000,25000,25000,25000,25000,25000,25000,25000,25000
GET,/api/v5/addons/search/?app=firefox&q=pGdgPceoDU&lang=en-US,1,0,23266,23266.0,23266,23266,82.0,0.008408473910912767,0.0,23000,23000,23000,23000,23000,23000,23000,23000,23000,23000,23000
GET,/api/v5/addons/search/?app=firefox&q=pPrASHhORn&lang=en-US,1,0,25220,25220.0,25220,25220,82.0,0.008408473910912767,0.0,25000,25000,25000,25000,25000,25000,25000,25000,25000,25000,25000
GET,/api/v5/addons/search/?app=firefox&q=pYCrYrFkbG&lang=en-US,1,0,24630,24630.0,24630,24630,82.0,0.008408473910912767,0.0,25000,25000,25000,25000,25000,25000,25000,25000,25000,25000,25000
GET,/api/v5/addons/search/?app=firefox&q=pZaFZdtfVe&lang=en-US,1,0,13276,13276.0,13276,13276,82.0,0.008408473910912767,0.0,13000,13000,13000,13000,13000,13000,13000,13000,13000,13000,13000
GET,/api/v5/addons/search/?app=firefox&q=pldKkwqVjQ&lang=en-US,1,0,13502,13502.0,13502,13502,82.0,0.008408473910912767,0.0,14000,14000,14000,14000,14000,14000,14000,14000,14000,14000,14000
GET,/api/v5/addons/search/?app=firefox&q=ptIhxOyPTZ&lang=en-US,1,0,25206,25206.0,25206,25206,82.0,0.008408473910912767,0.0,25000,25000,25000,25000,25000,25000,25000,25000,25000,25000,25000
GET,/api/v5/addons/search/?app=firefox&q=qCYtRFsEOw&lang=en-US,1,0,23273,23273.0,23273,23273,82.0,0.008408473910912767,0.0,23000,23000,23000,23000,23000,23000,23000,23000,23000,23000,23000
GET,/api/v5/addons/search/?app=firefox&q=qFTyoEqsdl&lang=en-US,1,0,9731,9731.0,9731,9731,82.0,0.008408473910912767,0.0,9700,9700,9700,9700,9700,9700,9700,9700,9700,9700,9700
GET,/api/v5/addons/search/?app=firefox&q=qMeWcnWKcw&lang=en-US,1,0,24666,24666.0,24666,24666,82.0,0.008408473910912767,0.0,25000,25000,25000,25000,25000,25000,25000,25000,25000,25000,25000
GET,/api/v5/addons/search/?app=firefox&q=qMfQqbYqCN&lang=en-US,1,0,3202,3202.0,3202,3202,82.0,0.008408473910912767,0.0,3200,3200,3200,3200,3200,3200,3200,3200,3200,3200,3200
GET,/api/v5/addons/search/?app=firefox&q=qrvRGDrFhL&lang=en-US,1,0,24538,24538.0,24538,24538,82.0,0.008408473910912767,0.0,25000,25000,25000,25000,25000,25000,25000,25000,25000,25000,25000
GET,/api/v5/addons/search/?app=firefox&q=qxFCokeVcH&lang=en-US,1,0,4999,4999.0,4999,4999,82.0,0.008408473910912767,0.0,5000,5000,5000,5000,5000,5000,5000,5000,5000,5000,5000
GET,/api/v5/addons/search/?app=firefox&q=rGKHXufoDN&lang=en-US,1,0,23532,23532.0,23532,23532,82.0,0.008408473910912767,0.0,24000,24000,24000,24000,24000,24000,24000,24000,24000,24000,24000
GET,/api/v5/addons/search/?app=firefox&q=rLSiBZomFa&lang=en-US,1,0,26049,26049.0,26049,26049,82.0,0.008408473910912767,0.0,26000,26000,26000,26000,26000,26000,26000,26000,26000,26000,26000
GET,/api/v5/addons/search/?app=firefox&q=rfkQYZfMHQ&lang=en-US,1,0,25304,25304.0,25304,25304,82.0,0.008408473910912767,0.0,25000,25000,25000,25000,25000,25000,25000,25000,25000,25000,25000
GET,/api/v5/addons/search/?app=firefox&q=roFBIzOexn&lang=en-US,1,0,24430,24430.0,24430,24430,82.0,0.008408473910912767,0.0,24000,24000,24000,24000,24000,24000,24000,24000,24000,24000,24000
GET,/api/v5/addons/search/?app=firefox&q=rqfOuOGnBB&lang=en-US,1,0,24557,24557.0,24557,24557,82.0,0.008408473910912767,0.0,25000,25000,25000,25000,25000,25000,25000,25000,25000,25000,25000
GET,/api/v5/addons/search/?app=firefox&q=rqnSRZjuvq&lang=en-US,1,0,25869,25869.0,25869,25869,82.0,0.008408473910912767,0.0,26000,26000,26000,26000,26000,26000,26000,26000,26000,26000,26000
GET,/api/v5/addons/search/?app=firefox&q=rzctrpHAlZ&lang=en-US,1,0,24456,24456.0,24456,24456,82.0,0.008408473910912767,0.0,24000,24000,24000,24000,24000,24000,24000,24000,24000,24000,24000
GET,/api/v5/addons/search/?app=firefox&q=sVIHoFzGMm&lang=en-US,1,0,24207,24207.0,24207,24207,82.0,0.008408473910912767,0.0,24000,24000,24000,24000,24000,24000,24000,24000,24000,24000,24000
GET,/api/v5/addons/search/?app=firefox&q=saqwjWHEro&lang=en-US,1,0,25070,25070.0,25070,25070,82.0,0.008408473910912767,0.0,25000,25000,25000,25000,25000,25000,25000,25000,25000,25000,25000
GET,/api/v5/addons/search/?app=firefox&q=shDuEWSXSr&lang=en-US,1,0,24727,24727.0,24727,24727,82.0,0.008408473910912767,0.0,25000,25000,25000,25000,25000,25000,25000,25000,25000,25000,25000
GET,/api/v5/addons/search/?app=firefox&q=shLooTqHGm&lang=en-US,1,0,25032,25032.0,25032,25032,82.0,0.008408473910912767,0.0,25000,25000,25000,25000,25000,25000,25000,25000,25000,25000,25000
GET,/api/v5/addons/search/?app=firefox&q=sykBmFzjyj&lang=en-US,1,0,6511,6511.0,6511,6511,82.0,0.008408473910912767,0.0,6500,6500,6500,6500,6500,6500,6500,6500,6500,6500,6500
GET,/api/v5/addons/search/?app=firefox&q=tAkvjOFBXZ&lang=en-US,1,0,25219,25219.0,25219,25219,82.0,0.008408473910912767,0.0,25000,25000,25000,25000,25000,25000,25000,25000,25000,25000,25000
GET,/api/v5/addons/search/?app=firefox&q=tDRqcTWuqN&lang=en-US,1,0,23324,23324.0,23324,23324,82.0,0.008408473910912767,0.0,23000,23000,23000,23000,23000,23000,23000,23000,23000,23000,23000
GET,/api/v5/addons/search/?app=firefox&q=tLaaojpJys&lang=en-US,1,0,22548,22548.0,22548,22548,82.0,0.008408473910912767,0.0,23000,23000,23000,23000,23000,23000,23000,23000,23000,23000,23000
GET,/api/v5/addons/search/?app=firefox&q=tMgxSLnxAu&lang=en-US,1,0,23171,23171.0,23171,23171,82.0,0.008408473910912767,0.0,23000,23000,23000,23000,23000,23000,23000,23000,23000,23000,23000
GET,/api/v5/addons/search/?app=firefox&q=tMxRFHxmNx&lang=en-US,1,0,24289,24289.0,24289,24289,82.0,0.008408473910912767,0.0,24000,24000,24000,24000,24000,24000,24000,24000,24000,24000,24000
GET,/api/v5/addons/search/?app=firefox&q=tPdeOGPIVk&lang=en-US,1,0,25331,25331.0,25331,25331,82.0,0.008408473910912767,0.0,25000,25000,25000,25000,25000,25000,25000,25000,25000,25000,25000
GET,/api/v5/addons/search/?app=firefox&q=tSMcTcJtUH&lang=en-US,1,0,24279,24279.0,24279,24279,82.0,0.008408473910912767,0.0,24000,24000,24000,24000,24000,24000,24000,24000,24000,24000,24000
GET,/api/v5/addons/search/?app=firefox&q=tSVDACpkgv&lang=en-US,1,0,25676,25676.0,25676,25676,82.0,0.008408473910912767,0.0,26000,26000,26000,26000,26000,26000,26000,26000,26000,26000,26000
GET,/api/v5/addons/search/?app=firefox&q=tdHnIYuuAU&lang=en-US,1,0,25379,25379.0,25379,25379,82.0,0.008408473910912767,0.0,25000,25000,25000,25000,25000,25000,25000,25000,25000,25000,25000
GET,/api/v5/addons/search/?app=firefox&q=tdXnMQFbGP&lang=en-US,1,0,20864,20864.0,20864,20864,82.0,0.008408473910912767,0.0,21000,21000,21000,21000,21000,21000,21000,21000,21000,21000,21000
GET,/api/v5/addons/search/?app=firefox&q=thkkwfFqPN&lang=en-US,1,0,17992,17992.0,17992,17992,82.0,0.008408473910912767,0.0,18000,18000,18000,18000,18000,18000,18000,18000,18000,18000,18000
GET,/api/v5/addons/search/?app=firefox&q=tmEKubNwKL&lang=en-US,1,0,2381,2381.0,2381,2381,82.0,0.008408473910912767,0.0,2400,2400,2400,2400,2400,2400,2400,2400,2400,2400,2400
GET,/api/v5/addons/search/?app=firefox&q=tnUsSSygOk&lang=en-US,1,0,4017,4017.0,4017,4017,82.0,0.008408473910912767,0.0,4000,4000,4000,4000,4000,4000,4000,4000,4000,4000,4000
GET,/api/v5/addons/search/?app=firefox&q=tvKDaXsyHO&lang=en-US,1,0,23690,23690.0,23690,23690,82.0,0.008408473910912767,0.0,24000,24000,24000,24000,24000,24000,24000,24000,24000,24000,24000
GET,/api/v5/addons/search/?app=firefox&q=tzdMHNkMlG&lang=en-US,1,0,24974,24974.0,24974,24974,82.0,0.008408473910912767,0.0,25000,25000,25000,25000,25000,25000,25000,25000,25000,25000,25000
GET,/api/v5/addons/search/?app=firefox&q=uAkxervqLW&lang=en-US,1,0,23869,23869.0,23869,23869,82.0,0.008408473910912767,0.0,24000,24000,24000,24000,24000,24000,24000,24000,24000,24000,24000
GET,/api/v5/addons/search/?app=firefox&q=uDNHCdgdSs&lang=en-US,1,0,25452,25452.0,25452,25452,82.0,0.008408473910912767,0.0,25000,25000,25000,25000,25000,25000,25000,25000,25000,25000,25000
GET,/api/v5/addons/search/?app=firefox&q=uScwEOQJcG&lang=en-US,1,0,25094,25094.0,25094,25094,82.0,0.008408473910912767,0.0,25000,25000,25000,25000,25000,25000,25000,25000,25000,25000,25000
GET,/api/v5/addons/search/?app=firefox&q=uaNBJCZkFb&lang=en-US,1,0,24904,24904.0,24904,24904,82.0,0.008408473910912767,0.0,25000,25000,25000,25000,25000,25000,25000,25000,25000,25000,25000
GET,/api/v5/addons/search/?app=firefox&q=ueKtjpdGyQ&lang=en-US,1,0,25243,25243.0,25243,25243,82.0,0.008408473910912767,0.0,25000,25000,25000,25000,25000,25000,25000,25000,25000,25000,25000
GET,/api/v5/addons/search/?app=firefox&q=umKpSKYeKj&lang=en-US,1,0,24249,24249.0,24249,24249,82.0,0.008408473910912767,0.0,24000,24000,24000,24000,24000,24000,24000,24000,24000,24000,24000
GET,/api/v5/addons/search/?app=firefox&q=unhdFvDIPD&lang=en-US,1,0,19722,19722.0,19722,19722,82.0,0.008408473910912767,0.0,20000,20000,20000,20000,20000,20000,20000,20000,20000,20000,20000
GET,/api/v5/addons/search/?app=firefox&q=uqzHlCkMvq&lang=en-US,1,0,5237,5237.0,5237,5237,82.0,0.008408473910912767,0.0,5200,5200,5200,5200,5200,5200,5200,5200,5200,5200,5200
GET,/api/v5/addons/search/?app=firefox&q=vIZQvthFvw&lang=en-US,1,0,15495,15495.0,15495,15495,82.0,0.008408473910912767,0.0,15000,15000,15000,15000,15000,15000,15000,15000,15000,15000,15000
GET,/api/v5/addons/search/?app=firefox&q=vXOkFucpRj&lang=en-US,1,0,8318,8318.0,8318,8318,82.0,0.008408473910912767,0.0,8300,8300,8300,8300,8300,8300,8300,8300,8300,8300,8300
GET,/api/v5/addons/search/?app=firefox&q=vhanwOfVDJ&lang=en-US,1,0,26269,26269.0,26269,26269,82.0,0.008408473910912767,0.0,26000,26000,26000,26000,26000,26000,26000,26000,26000,26000,26000
GET,/api/v5/addons/search/?app=firefox&q=vkTjlTbNuZ&lang=en-US,1,0,24441,24441.0,24441,24441,82.0,0.008408473910912767,0.0,24000,24000,24000,24000,24000,24000,24000,24000,24000,24000,24000
GET,/api/v5/addons/search/?app=firefox&q=vqSUDvzTNM&lang=en-US,1,0,25814,25814.0,25814,25814,82.0,0.008408473910912767,0.0,26000,26000,26000,26000,26000,26000,26000,26000,26000,26000,26000
GET,/api/v5/addons/search/?app=firefox&q=vsWOfTswYn&lang=en-US,1,0,24757,24757.0,24757,24757,82.0,0.008408473910912767,0.0,25000,25000,25000,25000,25000,25000,25000,25000,25000,25000,25000
GET,/api/v5/addons/search/?app=firefox&q=vuuFlQioCT&lang=en-US,1,0,3217,3217.0,3217,3217,82.0,0.008408473910912767,0.0,3200,3200,3200,3200,3200,3200,3200,3200,3200,3200,3200
GET,/api/v5/addons/search/?app=firefox&q=vvwXpXGsEB&lang=en-US,1,0,24384,24384.0,24384,24384,82.0,0.008408473910912767,0.0,24000,24000,24000,24000,24000,24000,24000,24000,24000,24000,24000
GET,/api/v5/addons/search/?app=firefox&q=vvysquPNzT&lang=en-US,1,0,24824,24824.0,24824,24824,82.0,0.008408473910912767,0.0,25000,25000,25000,25000,25000,25000,25000,25000,25000,25000,25000
GET,/api/v5/addons/search/?app=firefox&q=vylYqZTLNu&lang=en-US,1,0,21530,21530.0,21530,21530,82.0,0.008408473910912767,0.0,22000,22000,22000,22000,22000,22000,22000,22000,22000,22000,22000
GET,/api/v5/addons/search/?app=firefox&q=wKoRXftFIf&lang=en-US,1,0,22744,22744.0,22744,22744,82.0,0.008408473910912767,0.0,23000,23000,23000,23000,23000,23000,23000,23000,23000,23000,23000
GET,/api/v5/addons/search/?app=firefox&q=wTHuHWcesz&lang=en-US,1,0,24227,24227.0,24227,24227,82.0,0.008408473910912767,0.0,24000,24000,24000,24000,24000,24000,24000,24000,24000,24000,24000
GET,/api/v5/addons/search/?app=firefox&q=wbwGcxZMLe&lang=en-US,1,0,22250,22250.0,22250,22250,82.0,0.008408473910912767,0.0,22000,22000,22000,22000,22000,22000,22000,22000,22000,22000,22000
GET,/api/v5/addons/search/?app=firefox&q=wbwMvdiVSj&lang=en-US,1,0,23407,23407.0,23407,23407,82.0,0.008408473910912767,0.0,23000,23000,23000,23000,23000,23000,23000,23000,23000,23000,23000
GET,/api/v5/addons/search/?app=firefox&q=wopHZuaxca&lang=en-US,1,0,11429,11429.0,11429,11429,82.0,0.008408473910912767,0.0,11000,11000,11000,11000,11000,11000,11000,11000,11000,11000,11000
GET,/api/v5/addons/search/?app=firefox&q=wsIbHtiWgt&lang=en-US,1,0,23074,23074.0,23074,23074,82.0,0.008408473910912767,0.0,23000,23000,23000,23000,23000,23000,23000,23000,23000,23000,23000
GET,/api/v5/addons/search/?app=firefox&q=wtJNQrhprm&lang=en-US,1,0,17535,17535.0,17535,17535,82.0,0.008408473910912767,0.0,18000,18000,18000,18000,18000,18000,18000,18000,18000,18000,18000
GET,/api/v5/addons/search/?app=firefox&q=wtYgvMIPOz&lang=en-US,1,0,24434,24434.0,24434,24434,82.0,0.008408473910912767,0.0,24000,24000,24000,24000,24000,24000,24000,24000,24000,24000,24000
GET,/api/v5/addons/search/?app=firefox&q=wxUKJbdlzk&lang=en-US,1,0,22962,22962.0,22962,22962,82.0,0.008408473910912767,0.0,23000,23000,23000,23000,23000,23000,23000,23000,23000,23000,23000
GET,/api/v5/addons/search/?app=firefox&q=wzFZcWfdqD&lang=en-US,1,0,25967,25967.0,25967,25967,82.0,0.008408473910912767,0.0,26000,26000,26000,26000,26000,26000,26000,26000,26000,26000,26000
GET,/api/v5/addons/search/?app=firefox&q=xBJkyHpFSO&lang=en-US,1,0,25993,25993.0,25993,25993,82.0,0.008408473910912767,0.0,26000,26000,26000,26000,26000,26000,26000,26000,26000,26000,26000
GET,/api/v5/addons/search/?app=firefox&q=xDHIIqlbhL&lang=en-US,1,0,25231,25231.0,25231,25231,82.0,0.008408473910912767,0.0,25000,25000,25000,25000,25000,25000,25000,25000,25000,25000,25000
GET,/api/v5/addons/search/?app=firefox&q=xTeEtAdNSc&lang=en-US,1,0,24090,24090.0,24090,24090,82.0,0.008408473910912767,0.0,24000,24000,24000,24000,24000,24000,24000,24000,24000,24000,24000
GET,/api/v5/addons/search/?app=firefox&q=xZZPWLdDQw&lang=en-US,1,0,24710,24710.0,24710,24710,82.0,0.008408473910912767,0.0,25000,25000,25000,25000,25000,25000,25000,25000,25000,25000,25000
GET,/api/v5/addons/search/?app=firefox&q=xeXZzvnceF&lang=en-US,1,0,25464,25464.0,25464,25464,82.0,0.008408473910912767,0.0,25000,25000,25000,25000,25000,25000,25000,25000,25000,25000,25000
GET,/api/v5/addons/search/?app=firefox&q=xyniAJfoPx&lang=en-US,1,0,26119,26119.0,26119,26119,82.0,0.008408473910912767,0.0,26000,26000,26000,26000,26000,26000,26000,26000,26000,26000,26000
GET,/api/v5/addons/search/?app=firefox&q=xzFYRHDfRt&lang=en-US,1,0,5970,5970.0,5970,5970,82.0,0.008408473910912767,0.0,6000,6000,6000,6000,6000,6000,6000,6000,6000,6000,6000
GET,/api/v5/addons/search/?app=firefox&q=xznHnXRiag&lang=en-US,1,0,15668,15668.0,15668,15668,82.0,0.008408473910912767,0.0,16000,16000,16000,16000,16000,16000,16000,16000,16000,16000,16000
GET,/api/v5/addons/search/?app=firefox&q=yUxBiYTLto&lang=en-US,1,0,25415,25415.0,25415,25415,82.0,0.008408473910912767,0.0,25000,25000,25000,25000,25000,25000,25000,25000,25000,25000,25000
GET,/api/v5/addons/search/?app=firefox&q=yWhzNHPzQh&lang=en-US,1,0,22831,22831.0,22831,22831,82.0,0.008408473910912767,0.0,23000,23000,23000,23000,23000,23000,23000,23000,23000,23000,23000
GET,/api/v5/addons/search/?app=firefox&q=yndJROowdz&lang=en-US,1,0,24253,24253.0,24253,24253,82.0,0.008408473910912767,0.0,24000,24000,24000,24000,24000,24000,24000,24000,24000,24000,24000
GET,/api/v5/addons/search/?app=firefox&q=yrqRwyCiBH&lang=en-US,1,0,23940,23940.0,23940,23940,82.0,0.008408473910912767,0.0,24000,24000,24000,24000,24000,24000,24000,24000,24000,24000,24000
GET,/api/v5/addons/search/?app=firefox&q=yyOJMeqDOS&lang=en-US,1,0,7601,7601.0,7601,7601,82.0,0.008408473910912767,0.0,7600,7600,7600,7600,7600,7600,7600,7600,7600,7600,7600
GET,/api/v5/addons/search/?app=firefox&q=yzXdTHMroO&lang=en-US,1,0,18010,18010.0,18010,18010,82.0,0.008408473910912767,0.0,18000,18000,18000,18000,18000,18000,18000,18000,18000,18000,18000
GET,/api/v5/addons/search/?app=firefox&q=zHDPgXTBfs&lang=en-US,1,0,22968,22968.0,22968,22968,82.0,0.008408473910912767,0.0,23000,23000,23000,23000,23000,23000,23000,23000,23000,23000,23000
GET,/api/v5/addons/search/?app=firefox&q=zQiKWiZJrY&lang=en-US,1,0,5104,5104.0,5104,5104,82.0,0.008408473910912767,0.0,5100,5100,5100,5100,5100,5100,5100,5100,5100,5100,5100
GET,/api/v5/addons/search/?app=firefox&q=zVgfNEpYUg&lang=en-US,1,0,16349,16349.0,16349,16349,82.0,0.008408473910912767,0.0,16000,16000,16000,16000,16000,16000,16000,16000,16000,16000,16000
GET,/api/v5/addons/search/?app=firefox&q=zXBwfbEBhi&lang=en-US,1,0,25289,25289.0,25289,25289,82.0,0.008408473910912767,0.0,25000,25000,25000,25000,25000,25000,25000,25000,25000,25000,25000
GET,/api/v5/addons/search/?app=firefox&q=zXDHnvcGik&lang=en-US,1,0,18267,18267.0,18267,18267,82.0,0.008408473910912767,0.0,18000,18000,18000,18000,18000,18000,18000,18000,18000,18000,18000
GET,/api/v5/addons/search/?app=firefox&q=zpjEYdWOjU&lang=en-US,1,0,23984,23984.0,23984,23984,82.0,0.008408473910912767,0.0,24000,24000,24000,24000,24000,24000,24000,24000,24000,24000,24000
GET,/api/v5/addons/search/?app=firefox&q=zzttTVCtDJ&lang=en-US,1,0,24209,24209.0,24209,24209,82.0,0.008408473910912767,0.0,24000,24000,24000,24000,24000,24000,24000,24000,24000,24000,24000
,Aggregated,483,0,24000,21196.67287784679,2381,26269,82.0,4.061292898970866,0.0,24000,25000,25000,25000,26000,26000,26000,26000,26000,26000,26000